Freq,S11_MAG,S11_PHASE,S21_MAG,S21_PHASE,S12_MAG,S12_PHASE,22_MAG,S22_PHASE
100000000,-0.24511811,-104.68745,-200,45,-200,45,-200,45
100062500,-0.24445643,-104.75744,-200,45,-200,45,-200,45
100125000,-0.24602006,-104.83012,-200,45,-200,45,-200,45
100187500,-0.24635614,-104.8783,-200,45,-200,45,-200,45
100250000,-0.24525818,-104.93703,-200,45,-200,45,-200,45
100312500,-0.24640101,-105.00984,-200,45,-200,45,-200,45
100375000,-0.24975981,-105.06474,-200,45,-200,45,-200,45
100437500,-0.24816132,-105.13359,-200,45,-200,45,-200,45
100500000,-0.25045583,-105.19339,-200,45,-200,45,-200,45
100562500,-0.25111115,-105.26245,-200,45,-200,45,-200,45
100625000,-0.25019515,-105.32305,-200,45,-200,45,-200,45
100687500,-0.25013337,-105.3967,-200,45,-200,45,-200,45
100750000,-0.25270253,-105.45059,-200,45,-200,45,-200,45
100812500,-0.25249672,-105.52979,-200,45,-200,45,-200,45
100875000,-0.25315154,-105.57826,-200,45,-200,45,-200,45
100937500,-0.2517131,-105.6412,-200,45,-200,45,-200,45
101000000,-0.25180325,-105.71496,-200,45,-200,45,-200,45
101062500,-0.25400922,-105.76487,-200,45,-200,45,-200,45
101125000,-0.25162947,-105.83447,-200,45,-200,45,-200,45
101187500,-0.25546816,-105.89753,-200,45,-200,45,-200,45
101250000,-0.25534344,-105.96064,-200,45,-200,45,-200,45
101312500,-0.2557855,-106.02068,-200,45,-200,45,-200,45
101375000,-0.25639018,-106.08644,-200,45,-200,45,-200,45
101437500,-0.25627968,-106.14439,-200,45,-200,45,-200,45
101500000,-0.25936657,-106.22146,-200,45,-200,45,-200,45
101562500,-0.25718018,-106.27916,-200,45,-200,45,-200,45
101625000,-0.25750256,-106.34295,-200,45,-200,45,-200,45
101687500,-0.26017988,-106.40619,-200,45,-200,45,-200,45
101750000,-0.25886998,-106.46982,-200,45,-200,45,-200,45
101812500,-0.26122731,-106.53188,-200,45,-200,45,-200,45
101875000,-0.26181835,-106.60058,-200,45,-200,45,-200,45
101937500,-0.26253578,-106.65577,-200,45,-200,45,-200,45
102000000,-0.26190299,-106.73989,-200,45,-200,45,-200,45
102062500,-0.26282692,-106.78662,-200,45,-200,45,-200,45
102125000,-0.26385731,-106.84718,-200,45,-200,45,-200,45
102187500,-0.26336741,-106.91348,-200,45,-200,45,-200,45
102250000,-0.26463455,-106.96777,-200,45,-200,45,-200,45
102312500,-0.26766515,-107.03847,-200,45,-200,45,-200,45
102375000,-0.266462,-107.09473,-200,45,-200,45,-200,45
102437500,-0.26584601,-107.16015,-200,45,-200,45,-200,45
102500000,-0.26827785,-107.23923,-200,45,-200,45,-200,45
102562500,-0.26831141,-107.2913,-200,45,-200,45,-200,45
102625000,-0.26873526,-107.36581,-200,45,-200,45,-200,45
102687500,-0.26982486,-107.41167,-200,45,-200,45,-200,45
102750000,-0.26991215,-107.48465,-200,45,-200,45,-200,45
102812500,-0.27029681,-107.55264,-200,45,-200,45,-200,45
102875000,-0.2705099,-107.62057,-200,45,-200,45,-200,45
102937500,-0.27140209,-107.68457,-200,45,-200,45,-200,45
103000000,-0.273384,-107.73896,-200,45,-200,45,-200,45
103062500,-0.27516773,-107.80309,-200,45,-200,45,-200,45
103125000,-0.27458778,-107.87344,-200,45,-200,45,-200,45
103187500,-0.275152,-107.93681,-200,45,-200,45,-200,45
103250000,-0.27463669,-107.98032,-200,45,-200,45,-200,45
103312500,-0.27691945,-108.06211,-200,45,-200,45,-200,45
103375000,-0.27676502,-108.12341,-200,45,-200,45,-200,45
103437500,-0.27536881,-108.19719,-200,45,-200,45,-200,45
103500000,-0.27890781,-108.25786,-200,45,-200,45,-200,45
103562500,-0.2779305,-108.31312,-200,45,-200,45,-200,45
103625000,-0.27985483,-108.38022,-200,45,-200,45,-200,45
103687500,-0.27964437,-108.44083,-200,45,-200,45,-200,45
103750000,-0.27958074,-108.50612,-200,45,-200,45,-200,45
103812500,-0.28015015,-108.58383,-200,45,-200,45,-200,45
103875000,-0.28274083,-108.63714,-200,45,-200,45,-200,45
103937500,-0.28189269,-108.69283,-200,45,-200,45,-200,45
104000000,-0.28439355,-108.76036,-200,45,-200,45,-200,45
104062500,-0.28596106,-108.83017,-200,45,-200,45,-200,45
104125000,-0.28439954,-108.89355,-200,45,-200,45,-200,45
104187500,-0.28491706,-108.96088,-200,45,-200,45,-200,45
104250000,-0.28610274,-109.0115,-200,45,-200,45,-200,45
104312500,-0.28647581,-109.08113,-200,45,-200,45,-200,45
104375000,-0.28639558,-109.14993,-200,45,-200,45,-200,45
104437500,-0.28866768,-109.21384,-200,45,-200,45,-200,45
104500000,-0.28780583,-109.27386,-200,45,-200,45,-200,45
104562500,-0.28843611,-109.32766,-200,45,-200,45,-200,45
104625000,-0.28841904,-109.40488,-200,45,-200,45,-200,45
104687500,-0.29095051,-109.46124,-200,45,-200,45,-200,45
104750000,-0.29092559,-109.53978,-200,45,-200,45,-200,45
104812500,-0.29156241,-109.5971,-200,45,-200,45,-200,45
104875000,-0.29320568,-109.6661,-200,45,-200,45,-200,45
104937500,-0.2929464,-109.7215,-200,45,-200,45,-200,45
105000000,-0.29533392,-109.78073,-200,45,-200,45,-200,45
105062500,-0.29533595,-109.84787,-200,45,-200,45,-200,45
105125000,-0.29598087,-109.90705,-200,45,-200,45,-200,45
105187500,-0.29498926,-109.97131,-200,45,-200,45,-200,45
105250000,-0.29953352,-110.0496,-200,45,-200,45,-200,45
105312500,-0.30004263,-110.11308,-200,45,-200,45,-200,45
105375000,-0.29891333,-110.18211,-200,45,-200,45,-200,45
105437500,-0.29905728,-110.23631,-200,45,-200,45,-200,45
105500000,-0.29986945,-110.30126,-200,45,-200,45,-200,45
105562500,-0.30117947,-110.36256,-200,45,-200,45,-200,45
105625000,-0.3010737,-110.42726,-200,45,-200,45,-200,45
105687500,-0.30286911,-110.48699,-200,45,-200,45,-200,45
105750000,-0.30264604,-110.55049,-200,45,-200,45,-200,45
105812500,-0.30428943,-110.618,-200,45,-200,45,-200,45
105875000,-0.30335012,-110.67982,-200,45,-200,45,-200,45
105937500,-0.30355787,-110.74667,-200,45,-200,45,-200,45
106000000,-0.30426872,-110.79659,-200,45,-200,45,-200,45
106062500,-0.30668977,-110.87681,-200,45,-200,45,-200,45
106125000,-0.30607343,-110.95023,-200,45,-200,45,-200,45
106187500,-0.30708551,-110.99698,-200,45,-200,45,-200,45
106250000,-0.30773139,-111.05631,-200,45,-200,45,-200,45
106312500,-0.3091009,-111.1252,-200,45,-200,45,-200,45
106375000,-0.30832312,-111.19355,-200,45,-200,45,-200,45
106437500,-0.3094435,-111.25407,-200,45,-200,45,-200,45
106500000,-0.30778188,-111.32378,-200,45,-200,45,-200,45
106562500,-0.31183559,-111.394,-200,45,-200,45,-200,45
106625000,-0.30893427,-111.45583,-200,45,-200,45,-200,45
106687500,-0.31080395,-111.53522,-200,45,-200,45,-200,45
106750000,-0.31157514,-111.58233,-200,45,-200,45,-200,45
106812500,-0.31265053,-111.64951,-200,45,-200,45,-200,45
106875000,-0.31518668,-111.72458,-200,45,-200,45,-200,45
106937500,-0.31306466,-111.78214,-200,45,-200,45,-200,45
107000000,-0.31395817,-111.83777,-200,45,-200,45,-200,45
107062500,-0.31616998,-111.90604,-200,45,-200,45,-200,45
107125000,-0.31622955,-111.98389,-200,45,-200,45,-200,45
107187500,-0.31436995,-112.04467,-200,45,-200,45,-200,45
107250000,-0.31748694,-112.12396,-200,45,-200,45,-200,45
107312500,-0.31815267,-112.17084,-200,45,-200,45,-200,45
107375000,-0.31860813,-112.24467,-200,45,-200,45,-200,45
107437500,-0.31838539,-112.29955,-200,45,-200,45,-200,45
107500000,-0.31945989,-112.36267,-200,45,-200,45,-200,45
107562500,-0.32035077,-112.4361,-200,45,-200,45,-200,45
107625000,-0.32219073,-112.5074,-200,45,-200,45,-200,45
107687500,-0.32167283,-112.56277,-200,45,-200,45,-200,45
107750000,-0.32389885,-112.63348,-200,45,-200,45,-200,45
107812500,-0.32460389,-112.70065,-200,45,-200,45,-200,45
107875000,-0.32424292,-112.77387,-200,45,-200,45,-200,45
107937500,-0.32364857,-112.85002,-200,45,-200,45,-200,45
108000000,-0.32570311,-112.89833,-200,45,-200,45,-200,45
108062500,-0.32583201,-112.96838,-200,45,-200,45,-200,45
108125000,-0.327297,-113.04049,-200,45,-200,45,-200,45
108187500,-0.32752892,-113.09552,-200,45,-200,45,-200,45
108250000,-0.3296513,-113.17175,-200,45,-200,45,-200,45
108312500,-0.32684365,-113.23261,-200,45,-200,45,-200,45
108375000,-0.32928026,-113.30913,-200,45,-200,45,-200,45
108437500,-0.33059296,-113.36749,-200,45,-200,45,-200,45
108500000,-0.32937887,-113.43597,-200,45,-200,45,-200,45
108562500,-0.33089238,-113.51442,-200,45,-200,45,-200,45
108625000,-0.33178774,-113.57343,-200,45,-200,45,-200,45
108687500,-0.33276129,-113.63184,-200,45,-200,45,-200,45
108750000,-0.33204427,-113.71536,-200,45,-200,45,-200,45
108812500,-0.33377942,-113.78045,-200,45,-200,45,-200,45
108875000,-0.33538577,-113.85321,-200,45,-200,45,-200,45
108937500,-0.33543926,-113.91354,-200,45,-200,45,-200,45
109000000,-0.33659953,-113.9876,-200,45,-200,45,-200,45
109062500,-0.33803126,-114.04745,-200,45,-200,45,-200,45
109125000,-0.33714241,-114.10929,-200,45,-200,45,-200,45
109187500,-0.33946192,-114.18957,-200,45,-200,45,-200,45
109250000,-0.3395412,-114.24992,-200,45,-200,45,-200,45
109312500,-0.34178981,-114.31789,-200,45,-200,45,-200,45
109375000,-0.34241712,-114.39473,-200,45,-200,45,-200,45
109437500,-0.34232214,-114.45119,-200,45,-200,45,-200,45
109500000,-0.34329754,-114.51884,-200,45,-200,45,-200,45
109562500,-0.34355718,-114.59336,-200,45,-200,45,-200,45
109625000,-0.34566012,-114.6659,-200,45,-200,45,-200,45
109687500,-0.34675309,-114.72495,-200,45,-200,45,-200,45
109750000,-0.3485854,-114.80652,-200,45,-200,45,-200,45
109812500,-0.34715766,-114.85195,-200,45,-200,45,-200,45
109875000,-0.34984165,-114.93073,-200,45,-200,45,-200,45
109937500,-0.34984115,-115.00062,-200,45,-200,45,-200,45
110000000,-0.35138592,-115.05838,-200,45,-200,45,-200,45
110062500,-0.35414046,-115.13199,-200,45,-200,45,-200,45
110125000,-0.35333583,-115.19762,-200,45,-200,45,-200,45
110187500,-0.35463494,-115.26279,-200,45,-200,45,-200,45
110250000,-0.35462138,-115.33059,-200,45,-200,45,-200,45
110312500,-0.35464492,-115.39684,-200,45,-200,45,-200,45
110375000,-0.35691983,-115.4621,-200,45,-200,45,-200,45
110437500,-0.35809118,-115.5273,-200,45,-200,45,-200,45
110500000,-0.35942608,-115.60712,-200,45,-200,45,-200,45
110562500,-0.3600437,-115.67469,-200,45,-200,45,-200,45
110625000,-0.36028039,-115.74115,-200,45,-200,45,-200,45
110687500,-0.36125457,-115.81889,-200,45,-200,45,-200,45
110750000,-0.36302957,-115.87251,-200,45,-200,45,-200,45
110812500,-0.36435241,-115.94711,-200,45,-200,45,-200,45
110875000,-0.36294821,-116.01386,-200,45,-200,45,-200,45
110937500,-0.36548564,-116.0668,-200,45,-200,45,-200,45
111000000,-0.36622158,-116.1519,-200,45,-200,45,-200,45
111062500,-0.36603135,-116.22857,-200,45,-200,45,-200,45
111125000,-0.3688072,-116.28606,-200,45,-200,45,-200,45
111187500,-0.36853948,-116.36375,-200,45,-200,45,-200,45
111250000,-0.36940762,-116.42937,-200,45,-200,45,-200,45
111312500,-0.37149584,-116.50064,-200,45,-200,45,-200,45
111375000,-0.3712551,-116.56866,-200,45,-200,45,-200,45
111437500,-0.37228155,-116.6396,-200,45,-200,45,-200,45
111500000,-0.37380373,-116.70739,-200,45,-200,45,-200,45
111562500,-0.37341547,-116.77147,-200,45,-200,45,-200,45
111625000,-0.37699467,-116.85136,-200,45,-200,45,-200,45
111687500,-0.37760511,-116.92314,-200,45,-200,45,-200,45
111750000,-0.37905002,-116.99377,-200,45,-200,45,-200,45
111812500,-0.38051,-117.05463,-200,45,-200,45,-200,45
111875000,-0.38044834,-117.13279,-200,45,-200,45,-200,45
111937500,-0.38226312,-117.20408,-200,45,-200,45,-200,45
112000000,-0.38553602,-117.27303,-200,45,-200,45,-200,45
112062500,-0.38513041,-117.33656,-200,45,-200,45,-200,45
112125000,-0.38557521,-117.4073,-200,45,-200,45,-200,45
112187500,-0.38717511,-117.4761,-200,45,-200,45,-200,45
112250000,-0.38814685,-117.53249,-200,45,-200,45,-200,45
112312500,-0.38972512,-117.60857,-200,45,-200,45,-200,45
112375000,-0.3903107,-117.67188,-200,45,-200,45,-200,45
112437500,-0.39306825,-117.74699,-200,45,-200,45,-200,45
112500000,-0.39294752,-117.81478,-200,45,-200,45,-200,45
112562500,-0.39512396,-117.88859,-200,45,-200,45,-200,45
112625000,-0.39491737,-117.95241,-200,45,-200,45,-200,45
112687500,-0.39432538,-118.01975,-200,45,-200,45,-200,45
112750000,-0.39596778,-118.08949,-200,45,-200,45,-200,45
112812500,-0.39598739,-118.15367,-200,45,-200,45,-200,45
112875000,-0.39787939,-118.22253,-200,45,-200,45,-200,45
112937500,-0.3983373,-118.3074,-200,45,-200,45,-200,45
113000000,-0.40000477,-118.37495,-200,45,-200,45,-200,45
113062500,-0.39997301,-118.44454,-200,45,-200,45,-200,45
113125000,-0.40141124,-118.51502,-200,45,-200,45,-200,45
113187500,-0.40492952,-118.58323,-200,45,-200,45,-200,45
113250000,-0.40492216,-118.6657,-200,45,-200,45,-200,45
113312500,-0.40502983,-118.71668,-200,45,-200,45,-200,45
113375000,-0.40425846,-118.8076,-200,45,-200,45,-200,45
113437500,-0.40834546,-118.85391,-200,45,-200,45,-200,45
113500000,-0.40815765,-118.9323,-200,45,-200,45,-200,45
113562500,-0.40739673,-119.01005,-200,45,-200,45,-200,45
113625000,-0.40715787,-119.07381,-200,45,-200,45,-200,45
113687500,-0.41279835,-119.16222,-200,45,-200,45,-200,45
113750000,-0.41220805,-119.21446,-200,45,-200,45,-200,45
113812500,-0.41129902,-119.29424,-200,45,-200,45,-200,45
113875000,-0.41339672,-119.36134,-200,45,-200,45,-200,45
113937500,-0.41259244,-119.4259,-200,45,-200,45,-200,45
114000000,-0.41559529,-119.49454,-200,45,-200,45,-200,45
114062500,-0.41491744,-119.56242,-200,45,-200,45,-200,45
114125000,-0.41583356,-119.6391,-200,45,-200,45,-200,45
114187500,-0.41698453,-119.71144,-200,45,-200,45,-200,45
114250000,-0.41701931,-119.79919,-200,45,-200,45,-200,45
114312500,-0.41744697,-119.87019,-200,45,-200,45,-200,45
114375000,-0.41893759,-119.94299,-200,45,-200,45,-200,45
114437500,-0.42034742,-120.00948,-200,45,-200,45,-200,45
114500000,-0.42108595,-120.09321,-200,45,-200,45,-200,45
114562500,-0.42320359,-120.16827,-200,45,-200,45,-200,45
114625000,-0.4227035,-120.24728,-200,45,-200,45,-200,45
114687500,-0.42440322,-120.32187,-200,45,-200,45,-200,45
114750000,-0.42584985,-120.40421,-200,45,-200,45,-200,45
114812500,-0.42787433,-120.46884,-200,45,-200,45,-200,45
114875000,-0.42983907,-120.54277,-200,45,-200,45,-200,45
114937500,-0.42817485,-120.61449,-200,45,-200,45,-200,45
115000000,-0.4319672,-120.69669,-200,45,-200,45,-200,45
115062500,-0.43190539,-120.7725,-200,45,-200,45,-200,45
115125000,-0.4323929,-120.83356,-200,45,-200,45,-200,45
115187500,-0.43342999,-120.90311,-200,45,-200,45,-200,45
115250000,-0.43388364,-120.97463,-200,45,-200,45,-200,45
115312500,-0.43634495,-121.05765,-200,45,-200,45,-200,45
115375000,-0.43773717,-121.13498,-200,45,-200,45,-200,45
115437500,-0.43641448,-121.21384,-200,45,-200,45,-200,45
115500000,-0.43993104,-121.29334,-200,45,-200,45,-200,45
115562500,-0.4410992,-121.353,-200,45,-200,45,-200,45
115625000,-0.44102013,-121.44154,-200,45,-200,45,-200,45
115687500,-0.44273096,-121.51486,-200,45,-200,45,-200,45
115750000,-0.44364145,-121.58218,-200,45,-200,45,-200,45
115812500,-0.44451421,-121.64273,-200,45,-200,45,-200,45
115875000,-0.44353515,-121.74364,-200,45,-200,45,-200,45
115937500,-0.44776076,-121.82366,-200,45,-200,45,-200,45
116000000,-0.44792172,-121.88567,-200,45,-200,45,-200,45
116062500,-0.44704926,-121.96565,-200,45,-200,45,-200,45
116125000,-0.45006084,-122.03864,-200,45,-200,45,-200,45
116187500,-0.45127305,-122.13048,-200,45,-200,45,-200,45
116250000,-0.45109549,-122.1869,-200,45,-200,45,-200,45
116312500,-0.45416284,-122.28207,-200,45,-200,45,-200,45
116375000,-0.45385954,-122.36444,-200,45,-200,45,-200,45
116437500,-0.45599893,-122.4217,-200,45,-200,45,-200,45
116500000,-0.45795095,-122.51234,-200,45,-200,45,-200,45
116562500,-0.45992979,-122.58758,-200,45,-200,45,-200,45
116625000,-0.46056119,-122.67992,-200,45,-200,45,-200,45
116687500,-0.46104142,-122.74557,-200,45,-200,45,-200,45
116750000,-0.46248686,-122.8345,-200,45,-200,45,-200,45
116812500,-0.46485755,-122.91306,-200,45,-200,45,-200,45
116875000,-0.46450248,-122.9872,-200,45,-200,45,-200,45
116937500,-0.46724397,-123.06119,-200,45,-200,45,-200,45
117000000,-0.46779296,-123.13766,-200,45,-200,45,-200,45
117062500,-0.46867502,-123.22629,-200,45,-200,45,-200,45
117125000,-0.47066426,-123.30219,-200,45,-200,45,-200,45
117187500,-0.47200376,-123.38091,-200,45,-200,45,-200,45
117250000,-0.47227103,-123.46292,-200,45,-200,45,-200,45
117312500,-0.47500238,-123.53761,-200,45,-200,45,-200,45
117375000,-0.4745979,-123.61921,-200,45,-200,45,-200,45
117437500,-0.47751012,-123.68907,-200,45,-200,45,-200,45
117500000,-0.47827688,-123.77831,-200,45,-200,45,-200,45
117562500,-0.47789958,-123.8676,-200,45,-200,45,-200,45
117625000,-0.48134726,-123.94216,-200,45,-200,45,-200,45
117687500,-0.47970137,-124.01939,-200,45,-200,45,-200,45
117750000,-0.48445669,-124.10981,-200,45,-200,45,-200,45
117812500,-0.48485649,-124.19597,-200,45,-200,45,-200,45
117875000,-0.48654261,-124.27021,-200,45,-200,45,-200,45
117937500,-0.48904067,-124.35554,-200,45,-200,45,-200,45
118000000,-0.48901173,-124.42673,-200,45,-200,45,-200,45
118062500,-0.49149203,-124.5288,-200,45,-200,45,-200,45
118125000,-0.49354199,-124.59367,-200,45,-200,45,-200,45
118187500,-0.49514464,-124.67553,-200,45,-200,45,-200,45
118250000,-0.49678013,-124.76092,-200,45,-200,45,-200,45
118312500,-0.49885991,-124.84361,-200,45,-200,45,-200,45
118375000,-0.4994328,-124.92154,-200,45,-200,45,-200,45
118437500,-0.50370836,-125.0073,-200,45,-200,45,-200,45
118500000,-0.50152338,-125.09284,-200,45,-200,45,-200,45
118562500,-0.50432658,-125.16154,-200,45,-200,45,-200,45
118625000,-0.50470072,-125.24798,-200,45,-200,45,-200,45
118687500,-0.50844294,-125.33519,-200,45,-200,45,-200,45
118750000,-0.50827068,-125.41283,-200,45,-200,45,-200,45
118812500,-0.50937307,-125.51125,-200,45,-200,45,-200,45
118875000,-0.50983107,-125.5849,-200,45,-200,45,-200,45
118937500,-0.51290125,-125.66819,-200,45,-200,45,-200,45
119000000,-0.51445985,-125.75385,-200,45,-200,45,-200,45
119062500,-0.51365,-125.84653,-200,45,-200,45,-200,45
119125000,-0.51674861,-125.93888,-200,45,-200,45,-200,45
119187500,-0.51989907,-126.02084,-200,45,-200,45,-200,45
119250000,-0.52086067,-126.10265,-200,45,-200,45,-200,45
119312500,-0.52122968,-126.18878,-200,45,-200,45,-200,45
119375000,-0.52389127,-126.27445,-200,45,-200,45,-200,45
119437500,-0.52619541,-126.36019,-200,45,-200,45,-200,45
119500000,-0.52803558,-126.43318,-200,45,-200,45,-200,45
119562500,-0.52857023,-126.52439,-200,45,-200,45,-200,45
119625000,-0.53152764,-126.60413,-200,45,-200,45,-200,45
119687500,-0.5330357,-126.69716,-200,45,-200,45,-200,45
119750000,-0.53407466,-126.78133,-200,45,-200,45,-200,45
119812500,-0.53698605,-126.8684,-200,45,-200,45,-200,45
119875000,-0.53847104,-126.95812,-200,45,-200,45,-200,45
119937500,-0.53908569,-127.05114,-200,45,-200,45,-200,45
120000000,-0.5403657,-127.13438,-200,45,-200,45,-200,45
120062500,-0.54104155,-127.22779,-200,45,-200,45,-200,45
120125000,-0.54336917,-127.3158,-200,45,-200,45,-200,45
120187500,-0.54426885,-127.39811,-200,45,-200,45,-200,45
120250000,-0.54674715,-127.49094,-200,45,-200,45,-200,45
120312500,-0.54600012,-127.59067,-200,45,-200,45,-200,45
120375000,-0.54933995,-127.66525,-200,45,-200,45,-200,45
120437500,-0.55023611,-127.76642,-200,45,-200,45,-200,45
120500000,-0.55270934,-127.86315,-200,45,-200,45,-200,45
120562500,-0.55527848,-127.95339,-200,45,-200,45,-200,45
120625000,-0.55661964,-128.04115,-200,45,-200,45,-200,45
120687500,-0.55993706,-128.14018,-200,45,-200,45,-200,45
120750000,-0.5607478,-128.23686,-200,45,-200,45,-200,45
120812500,-0.5650391,-128.32849,-200,45,-200,45,-200,45
120875000,-0.56798828,-128.42932,-200,45,-200,45,-200,45
120937500,-0.57116461,-128.51448,-200,45,-200,45,-200,45
121000000,-0.57134044,-128.60301,-200,45,-200,45,-200,45
121062500,-0.57377529,-128.69658,-200,45,-200,45,-200,45
121125000,-0.57629216,-128.78738,-200,45,-200,45,-200,45
121187500,-0.57742459,-128.8743,-200,45,-200,45,-200,45
121250000,-0.58027345,-128.96474,-200,45,-200,45,-200,45
121312500,-0.58235645,-129.05219,-200,45,-200,45,-200,45
121375000,-0.584499,-129.1458,-200,45,-200,45,-200,45
121437500,-0.58609951,-129.23756,-200,45,-200,45,-200,45
121500000,-0.58844978,-129.33791,-200,45,-200,45,-200,45
121562500,-0.58872545,-129.42747,-200,45,-200,45,-200,45
121625000,-0.59060234,-129.5278,-200,45,-200,45,-200,45
121687500,-0.59251803,-129.61441,-200,45,-200,45,-200,45
121750000,-0.59617078,-129.72237,-200,45,-200,45,-200,45
121812500,-0.59754813,-129.81416,-200,45,-200,45,-200,45
121875000,-0.59916586,-129.9149,-200,45,-200,45,-200,45
121937500,-0.60120308,-130.0249,-200,45,-200,45,-200,45
122000000,-0.60272855,-130.11862,-200,45,-200,45,-200,45
122062500,-0.60446727,-130.22006,-200,45,-200,45,-200,45
122125000,-0.60885096,-130.31516,-200,45,-200,45,-200,45
122187500,-0.61188573,-130.4218,-200,45,-200,45,-200,45
122250000,-0.61404055,-130.52141,-200,45,-200,45,-200,45
122312500,-0.61451137,-130.62105,-200,45,-200,45,-200,45
122375000,-0.61997229,-130.72566,-200,45,-200,45,-200,45
122437500,-0.62101066,-130.82765,-200,45,-200,45,-200,45
122500000,-0.6235494,-130.92908,-200,45,-200,45,-200,45
122562500,-0.62721545,-131.02632,-200,45,-200,45,-200,45
122625000,-0.62911081,-131.13405,-200,45,-200,45,-200,45
122687500,-0.63178802,-131.25221,-200,45,-200,45,-200,45
122750000,-0.63596243,-131.34431,-200,45,-200,45,-200,45
122812500,-0.63777286,-131.45512,-200,45,-200,45,-200,45
122875000,-0.64076144,-131.55486,-200,45,-200,45,-200,45
122937500,-0.64533949,-131.65434,-200,45,-200,45,-200,45
123000000,-0.64762211,-131.75948,-200,45,-200,45,-200,45
123062500,-0.65142012,-131.86671,-200,45,-200,45,-200,45
123125000,-0.65483534,-131.96558,-200,45,-200,45,-200,45
123187500,-0.65644085,-132.09021,-200,45,-200,45,-200,45
123250000,-0.65983903,-132.17538,-200,45,-200,45,-200,45
123312500,-0.66445827,-132.29518,-200,45,-200,45,-200,45
123375000,-0.66749591,-132.38528,-200,45,-200,45,-200,45
123437500,-0.67034501,-132.5051,-200,45,-200,45,-200,45
123500000,-0.67517787,-132.60876,-200,45,-200,45,-200,45
123562500,-0.67832375,-132.72624,-200,45,-200,45,-200,45
123625000,-0.68130076,-132.83034,-200,45,-200,45,-200,45
123687500,-0.68391597,-132.93871,-200,45,-200,45,-200,45
123750000,-0.68863732,-133.04214,-200,45,-200,45,-200,45
123812500,-0.69204974,-133.16162,-200,45,-200,45,-200,45
123875000,-0.69732201,-133.27213,-200,45,-200,45,-200,45
123937500,-0.70029652,-133.37666,-200,45,-200,45,-200,45
124000000,-0.70435041,-133.48189,-200,45,-200,45,-200,45
124062500,-0.70673686,-133.60216,-200,45,-200,45,-200,45
124125000,-0.71222818,-133.70496,-200,45,-200,45,-200,45
124187500,-0.71721882,-133.80936,-200,45,-200,45,-200,45
124250000,-0.72202319,-133.93573,-200,45,-200,45,-200,45
124312500,-0.72529137,-134.03171,-200,45,-200,45,-200,45
124375000,-0.73137826,-134.15303,-200,45,-200,45,-200,45
124437500,-0.73592812,-134.25899,-200,45,-200,45,-200,45
124500000,-0.73942405,-134.37796,-200,45,-200,45,-200,45
124562500,-0.74534947,-134.47905,-200,45,-200,45,-200,45
124625000,-0.74935085,-134.58534,-200,45,-200,45,-200,45
124687500,-0.75341547,-134.68867,-200,45,-200,45,-200,45
124750000,-0.75856334,-134.81023,-200,45,-200,45,-200,45
124812500,-0.76259673,-134.91451,-200,45,-200,45,-200,45
124875000,-0.76603001,-135.0295,-200,45,-200,45,-200,45
124937500,-0.77233762,-135.14343,-200,45,-200,45,-200,45
125000000,-0.77578491,-135.25038,-200,45,-200,45,-200,45
125062500,-0.77977765,-135.36443,-200,45,-200,45,-200,45
125125000,-0.78339839,-135.48146,-200,45,-200,45,-200,45
125187500,-0.78915823,-135.59068,-200,45,-200,45,-200,45
125250000,-0.79201698,-135.71823,-200,45,-200,45,-200,45
125312500,-0.79808491,-135.8288,-200,45,-200,45,-200,45
125375000,-0.80323029,-135.94815,-200,45,-200,45,-200,45
125437500,-0.80757511,-136.06622,-200,45,-200,45,-200,45
125500000,-0.81407923,-136.18456,-200,45,-200,45,-200,45
125562500,-0.81808132,-136.31558,-200,45,-200,45,-200,45
125625000,-0.82386434,-136.42406,-200,45,-200,45,-200,45
125687500,-0.82781982,-136.54465,-200,45,-200,45,-200,45
125750000,-0.83393407,-136.6666,-200,45,-200,45,-200,45
125812500,-0.83921146,-136.78139,-200,45,-200,45,-200,45
125875000,-0.84381694,-136.89879,-200,45,-200,45,-200,45
125937500,-0.84956932,-137.00999,-200,45,-200,45,-200,45
126000000,-0.8546508,-137.13989,-200,45,-200,45,-200,45
126062500,-0.86075056,-137.25578,-200,45,-200,45,-200,45
126125000,-0.86789072,-137.37114,-200,45,-200,45,-200,45
126187500,-0.87385875,-137.48888,-200,45,-200,45,-200,45
126250000,-0.87762177,-137.61227,-200,45,-200,45,-200,45
126312500,-0.8825438,-137.73302,-200,45,-200,45,-200,45
126375000,-0.88818735,-137.85858,-200,45,-200,45,-200,45
126437500,-0.8936066,-137.97083,-200,45,-200,45,-200,45
126500000,-0.90003908,-138.10385,-200,45,-200,45,-200,45
126562500,-0.90584397,-138.22723,-200,45,-200,45,-200,45
126625000,-0.91177857,-138.34291,-200,45,-200,45,-200,45
126687500,-0.91719061,-138.4725,-200,45,-200,45,-200,45
126750000,-0.92240244,-138.60095,-200,45,-200,45,-200,45
126812500,-0.9282164,-138.72679,-200,45,-200,45,-200,45
126875000,-0.93477672,-138.85239,-200,45,-200,45,-200,45
126937500,-0.941535,-138.97887,-200,45,-200,45,-200,45
127000000,-0.94655138,-139.11293,-200,45,-200,45,-200,45
127062500,-0.95334822,-139.24203,-200,45,-200,45,-200,45
127125000,-0.95904875,-139.37843,-200,45,-200,45,-200,45
127187500,-0.96739697,-139.5016,-200,45,-200,45,-200,45
127250000,-0.97347069,-139.631,-200,45,-200,45,-200,45
127312500,-0.98185945,-139.7554,-200,45,-200,45,-200,45
127375000,-0.98750395,-139.89055,-200,45,-200,45,-200,45
127437500,-0.99482226,-140.02386,-200,45,-200,45,-200,45
127500000,-1.0014589,-140.14986,-200,45,-200,45,-200,45
127562500,-1.0075434,-140.2843,-200,45,-200,45,-200,45
127625000,-1.0162792,-140.41457,-200,45,-200,45,-200,45
127687500,-1.0232431,-140.54102,-200,45,-200,45,-200,45
127750000,-1.0311799,-140.67923,-200,45,-200,45,-200,45
127812500,-1.0358547,-140.82219,-200,45,-200,45,-200,45
127875000,-1.0442523,-140.94432,-200,45,-200,45,-200,45
127937500,-1.0504755,-141.08009,-200,45,-200,45,-200,45
128000000,-1.0594701,-141.21417,-200,45,-200,45,-200,45
128062500,-1.0664577,-141.34306,-200,45,-200,45,-200,45
128125000,-1.0731252,-141.48296,-200,45,-200,45,-200,45
128187500,-1.0831926,-141.62387,-200,45,-200,45,-200,45
128250000,-1.0893121,-141.75583,-200,45,-200,45,-200,45
128312500,-1.0950695,-141.89078,-200,45,-200,45,-200,45
128375000,-1.1031684,-142.02661,-200,45,-200,45,-200,45
128437500,-1.1107388,-142.17563,-200,45,-200,45,-200,45
128500000,-1.1187842,-142.31154,-200,45,-200,45,-200,45
128562500,-1.1228037,-142.45839,-200,45,-200,45,-200,45
128625000,-1.130421,-142.59581,-200,45,-200,45,-200,45
128687500,-1.1389891,-142.74962,-200,45,-200,45,-200,45
128750000,-1.1438849,-142.89857,-200,45,-200,45,-200,45
128812500,-1.1525214,-143.04349,-200,45,-200,45,-200,45
128875000,-1.1598359,-143.20215,-200,45,-200,45,-200,45
128937500,-1.1658117,-143.35197,-200,45,-200,45,-200,45
129000000,-1.1767355,-143.51726,-200,45,-200,45,-200,45
129062500,-1.1856798,-143.67068,-200,45,-200,45,-200,45
129125000,-1.1950104,-143.83789,-200,45,-200,45,-200,45
129187500,-1.2054546,-143.99324,-200,45,-200,45,-200,45
129250000,-1.2157263,-144.14798,-200,45,-200,45,-200,45
129312500,-1.2255454,-144.32057,-200,45,-200,45,-200,45
129375000,-1.2367946,-144.47986,-200,45,-200,45,-200,45
129437500,-1.247887,-144.63458,-200,45,-200,45,-200,45
129500000,-1.258984,-144.80005,-200,45,-200,45,-200,45
129562500,-1.2693222,-144.95485,-200,45,-200,45,-200,45
129625000,-1.2818793,-145.10921,-200,45,-200,45,-200,45
129687500,-1.29212,-145.26907,-200,45,-200,45,-200,45
129750000,-1.3032352,-145.42668,-200,45,-200,45,-200,45
129812500,-1.3135858,-145.5854,-200,45,-200,45,-200,45
129875000,-1.3276334,-145.7368,-200,45,-200,45,-200,45
129937500,-1.3403718,-145.90695,-200,45,-200,45,-200,45
130000000,-1.3514092,-146.05692,-200,45,-200,45,-200,45
130062500,-1.3627182,-146.22395,-200,45,-200,45,-200,45
130125000,-1.3745906,-146.37727,-200,45,-200,45,-200,45
130187500,-1.3858898,-146.55063,-200,45,-200,45,-200,45
130250000,-1.3994108,-146.69624,-200,45,-200,45,-200,45
130312500,-1.4108132,-146.85246,-200,45,-200,45,-200,45
130375000,-1.4254558,-147.0146,-200,45,-200,45,-200,45
130437500,-1.4379712,-147.17114,-200,45,-200,45,-200,45
130500000,-1.4512638,-147.34814,-200,45,-200,45,-200,45
130562500,-1.463361,-147.50652,-200,45,-200,45,-200,45
130625000,-1.4765614,-147.65834,-200,45,-200,45,-200,45
130687500,-1.4875462,-147.8231,-200,45,-200,45,-200,45
130750000,-1.5018646,-147.97284,-200,45,-200,45,-200,45
130812500,-1.5128622,-148.13853,-200,45,-200,45,-200,45
130875000,-1.5252509,-148.30708,-200,45,-200,45,-200,45
130937500,-1.5376858,-148.47945,-200,45,-200,45,-200,45
131000000,-1.5505757,-148.65938,-200,45,-200,45,-200,45
131062500,-1.5631763,-148.81754,-200,45,-200,45,-200,45
131125000,-1.5744321,-149.00273,-200,45,-200,45,-200,45
131187500,-1.5892776,-149.18007,-200,45,-200,45,-200,45
131250000,-1.6015344,-149.36559,-200,45,-200,45,-200,45
131312500,-1.6150837,-149.54733,-200,45,-200,45,-200,45
131375000,-1.6290407,-149.72787,-200,45,-200,45,-200,45
131437500,-1.6430402,-149.91115,-200,45,-200,45,-200,45
131500000,-1.6578264,-150.09744,-200,45,-200,45,-200,45
131562500,-1.6719475,-150.29915,-200,45,-200,45,-200,45
131625000,-1.6879125,-150.48505,-200,45,-200,45,-200,45
131687500,-1.701654,-150.67802,-200,45,-200,45,-200,45
131750000,-1.717712,-150.87404,-200,45,-200,45,-200,45
131812500,-1.7363998,-151.08612,-200,45,-200,45,-200,45
131875000,-1.7508712,-151.27751,-200,45,-200,45,-200,45
131937500,-1.7682396,-151.47896,-200,45,-200,45,-200,45
132000000,-1.7861084,-151.6844,-200,45,-200,45,-200,45
132062500,-1.8048229,-151.88147,-200,45,-200,45,-200,45
132125000,-1.8234776,-152.07492,-200,45,-200,45,-200,45
132187500,-1.8420264,-152.2661,-200,45,-200,45,-200,45
132250000,-1.8610994,-152.47458,-200,45,-200,45,-200,45
132312500,-1.8823278,-152.68889,-200,45,-200,45,-200,45
132375000,-1.9018513,-152.8875,-200,45,-200,45,-200,45
132437500,-1.920274,-153.09027,-200,45,-200,45,-200,45
132500000,-1.9429224,-153.29878,-200,45,-200,45,-200,45
132562500,-1.965601,-153.50848,-200,45,-200,45,-200,45
132625000,-1.9837731,-153.71095,-200,45,-200,45,-200,45
132687500,-2.008913,-153.92007,-200,45,-200,45,-200,45
132750000,-2.0280287,-154.12747,-200,45,-200,45,-200,45
132812500,-2.052305,-154.34822,-200,45,-200,45,-200,45
132875000,-2.0751398,-154.56389,-200,45,-200,45,-200,45
132937500,-2.1014764,-154.75369,-200,45,-200,45,-200,45
133000000,-2.1258945,-154.96231,-200,45,-200,45,-200,45
133062500,-2.1495745,-155.16907,-200,45,-200,45,-200,45
133125000,-2.1781554,-155.3768,-200,45,-200,45,-200,45
133187500,-2.2027054,-155.56645,-200,45,-200,45,-200,45
133250000,-2.2274916,-155.76013,-200,45,-200,45,-200,45
133312500,-2.2526071,-155.96739,-200,45,-200,45,-200,45
133375000,-2.2804985,-156.1617,-200,45,-200,45,-200,45
133437500,-2.3060312,-156.36618,-200,45,-200,45,-200,45
133500000,-2.3334913,-156.5639,-200,45,-200,45,-200,45
133562500,-2.3611541,-156.75752,-200,45,-200,45,-200,45
133625000,-2.3857298,-156.96214,-200,45,-200,45,-200,45
133687500,-2.4129367,-157.17337,-200,45,-200,45,-200,45
133750000,-2.4391387,-157.36624,-200,45,-200,45,-200,45
133812500,-2.4661291,-157.57419,-200,45,-200,45,-200,45
133875000,-2.4937084,-157.77213,-200,45,-200,45,-200,45
133937500,-2.5229776,-157.9834,-200,45,-200,45,-200,45
134000000,-2.5515871,-158.17972,-200,45,-200,45,-200,45
134062500,-2.5775521,-158.3795,-200,45,-200,45,-200,45
134125000,-2.6040304,-158.59012,-200,45,-200,45,-200,45
134187500,-2.6353056,-158.80449,-200,45,-200,45,-200,45
134250000,-2.6633337,-159.00789,-200,45,-200,45,-200,45
134312500,-2.6924703,-159.22522,-200,45,-200,45,-200,45
134375000,-2.7222891,-159.44658,-200,45,-200,45,-200,45
134437500,-2.7524118,-159.67307,-200,45,-200,45,-200,45
134500000,-2.7836533,-159.89336,-200,45,-200,45,-200,45
134562500,-2.8149748,-160.11479,-200,45,-200,45,-200,45
134625000,-2.8485134,-160.32912,-200,45,-200,45,-200,45
134687500,-2.8800836,-160.56036,-200,45,-200,45,-200,45
134750000,-2.9152017,-160.76328,-200,45,-200,45,-200,45
134812500,-2.9465261,-160.9899,-200,45,-200,45,-200,45
134875000,-2.9811354,-161.19586,-200,45,-200,45,-200,45
134937500,-3.0141451,-161.41148,-200,45,-200,45,-200,45
135000000,-3.0470293,-161.63597,-200,45,-200,45,-200,45
135062500,-3.0792615,-161.85199,-200,45,-200,45,-200,45
135125000,-3.1119745,-162.0844,-200,45,-200,45,-200,45
135187500,-3.1467018,-162.31223,-200,45,-200,45,-200,45
135250000,-3.1807981,-162.55067,-200,45,-200,45,-200,45
135312500,-3.2150459,-162.79149,-200,45,-200,45,-200,45
135375000,-3.2503872,-163.04778,-200,45,-200,45,-200,45
135437500,-3.2872536,-163.27791,-200,45,-200,45,-200,45
135500000,-3.3231261,-163.54379,-200,45,-200,45,-200,45
135562500,-3.3608665,-163.78413,-200,45,-200,45,-200,45
135625000,-3.3993523,-164.04477,-200,45,-200,45,-200,45
135687500,-3.4420979,-164.31924,-200,45,-200,45,-200,45
135750000,-3.4812467,-164.57054,-200,45,-200,45,-200,45
135812500,-3.5243976,-164.83206,-200,45,-200,45,-200,45
135875000,-3.5681875,-165.08206,-200,45,-200,45,-200,45
135937500,-3.6108797,-165.34821,-200,45,-200,45,-200,45
136000000,-3.6560526,-165.61726,-200,45,-200,45,-200,45
136062500,-3.7030618,-165.85568,-200,45,-200,45,-200,45
136125000,-3.7526391,-166.12086,-200,45,-200,45,-200,45
136187500,-3.7965484,-166.38248,-200,45,-200,45,-200,45
136250000,-3.8452368,-166.63881,-200,45,-200,45,-200,45
136312500,-3.8926101,-166.89098,-200,45,-200,45,-200,45
136375000,-3.9413548,-167.14455,-200,45,-200,45,-200,45
136437500,-3.9899452,-167.3792,-200,45,-200,45,-200,45
136500000,-4.0406895,-167.66356,-200,45,-200,45,-200,45
136562500,-4.092134,-167.91451,-200,45,-200,45,-200,45
136625000,-4.1404552,-168.18242,-200,45,-200,45,-200,45
136687500,-4.1940484,-168.45381,-200,45,-200,45,-200,45
136750000,-4.2454677,-168.7301,-200,45,-200,45,-200,45
136812500,-4.3008161,-168.99303,-200,45,-200,45,-200,45
136875000,-4.3547759,-169.26767,-200,45,-200,45,-200,45
136937500,-4.4116559,-169.55949,-200,45,-200,45,-200,45
137000000,-4.4688029,-169.82919,-200,45,-200,45,-200,45
137062500,-4.5263228,-170.10439,-200,45,-200,45,-200,45
137125000,-4.584363,-170.40056,-200,45,-200,45,-200,45
137187500,-4.6434383,-170.67747,-200,45,-200,45,-200,45
137250000,-4.7059779,-170.97147,-200,45,-200,45,-200,45
137312500,-4.7687259,-171.26202,-200,45,-200,45,-200,45
137375000,-4.8313112,-171.55602,-200,45,-200,45,-200,45
137437500,-4.8973985,-171.85799,-200,45,-200,45,-200,45
137500000,-4.9652843,-172.14807,-200,45,-200,45,-200,45
137562500,-5.0337648,-172.46239,-200,45,-200,45,-200,45
137625000,-5.1062851,-172.75768,-200,45,-200,45,-200,45
137687500,-5.1778107,-173.06665,-200,45,-200,45,-200,45
137750000,-5.2521458,-173.36333,-200,45,-200,45,-200,45
137812500,-5.3279233,-173.67081,-200,45,-200,45,-200,45
137875000,-5.407526,-173.97139,-200,45,-200,45,-200,45
137937500,-5.4873457,-174.26135,-200,45,-200,45,-200,45
138000000,-5.5675192,-174.55721,-200,45,-200,45,-200,45
138062500,-5.6499872,-174.84375,-200,45,-200,45,-200,45
138125000,-5.7358651,-175.12494,-200,45,-200,45,-200,45
138187500,-5.8212833,-175.40414,-200,45,-200,45,-200,45
138250000,-5.9076672,-175.68297,-200,45,-200,45,-200,45
138312500,-5.9963884,-175.9594,-200,45,-200,45,-200,45
138375000,-6.0853872,-176.24576,-200,45,-200,45,-200,45
138437500,-6.1743879,-176.50948,-200,45,-200,45,-200,45
138500000,-6.2682309,-176.79118,-200,45,-200,45,-200,45
138562500,-6.3648701,-177.07037,-200,45,-200,45,-200,45
138625000,-6.4580312,-177.33737,-200,45,-200,45,-200,45
138687500,-6.5555401,-177.62308,-200,45,-200,45,-200,45
138750000,-6.6551738,-177.90369,-200,45,-200,45,-200,45
138812500,-6.7549319,-178.17372,-200,45,-200,45,-200,45
138875000,-6.8575664,-178.46031,-200,45,-200,45,-200,45
138937500,-6.9624329,-178.74524,-200,45,-200,45,-200,45
139000000,-7.0676198,-179.03531,-200,45,-200,45,-200,45
139062500,-7.1767616,-179.32744,-200,45,-200,45,-200,45
139125000,-7.2884254,-179.6299,-200,45,-200,45,-200,45
139187500,-7.3995132,179.98357,-200,45,-200,45,-200,45
139250000,-7.5181146,179.67479,-200,45,-200,45,-200,45
139312500,-7.6397667,179.35976,-200,45,-200,45,-200,45
139375000,-7.7651725,179.02756,-200,45,-200,45,-200,45
139437500,-7.8972416,178.71393,-200,45,-200,45,-200,45
139500000,-8.0325956,178.40862,-200,45,-200,45,-200,45
139562500,-8.1733532,178.10136,-200,45,-200,45,-200,45
139625000,-8.3177071,177.80942,-200,45,-200,45,-200,45
139687500,-8.46875,177.50842,-200,45,-200,45,-200,45
139750000,-8.6221399,177.24525,-200,45,-200,45,-200,45
139812500,-8.7806444,176.98427,-200,45,-200,45,-200,45
139875000,-8.9442291,176.75291,-200,45,-200,45,-200,45
139937500,-9.1111927,176.52296,-200,45,-200,45,-200,45
140000000,-9.2832422,176.31168,-200,45,-200,45,-200,45
140062500,-9.4594355,176.11743,-200,45,-200,45,-200,45
140125000,-9.6394396,175.94438,-200,45,-200,45,-200,45
140187500,-9.8254051,175.8049,-200,45,-200,45,-200,45
140250000,-10.013024,175.67264,-200,45,-200,45,-200,45
140312500,-10.206507,175.59358,-200,45,-200,45,-200,45
140375000,-10.401686,175.54337,-200,45,-200,45,-200,45
140437500,-10.595553,175.50784,-200,45,-200,45,-200,45
140500000,-10.792448,175.48743,-200,45,-200,45,-200,45
140562500,-10.98741,175.48465,-200,45,-200,45,-200,45
140625000,-11.183529,175.48221,-200,45,-200,45,-200,45
140687500,-11.383794,175.46193,-200,45,-200,45,-200,45
140750000,-11.583746,175.39845,-200,45,-200,45,-200,45
140812500,-11.798413,175.32211,-200,45,-200,45,-200,45
140875000,-12.01469,175.22948,-200,45,-200,45,-200,45
140937500,-12.240659,175.12967,-200,45,-200,45,-200,45
141000000,-12.489076,174.98866,-200,45,-200,45,-200,45
141062500,-12.748782,174.8725,-200,45,-200,45,-200,45
141125000,-13.022534,174.7704,-200,45,-200,45,-200,45
141187500,-13.314506,174.71492,-200,45,-200,45,-200,45
141250000,-13.622274,174.71342,-200,45,-200,45,-200,45
141312500,-13.953895,174.76755,-200,45,-200,45,-200,45
141375000,-14.300474,174.93964,-200,45,-200,45,-200,45
141437500,-14.662112,175.1955,-200,45,-200,45,-200,45
141500000,-15.044075,175.55214,-200,45,-200,45,-200,45
141562500,-15.436276,176.0618,-200,45,-200,45,-200,45
141625000,-15.846941,176.68994,-200,45,-200,45,-200,45
141687500,-16.269184,177.45982,-200,45,-200,45,-200,45
141750000,-16.71052,178.38196,-200,45,-200,45,-200,45
141812500,-17.170919,179.4893,-200,45,-200,45,-200,45
141875000,-17.638783,-179.1971,-200,45,-200,45,-200,45
141937500,-18.116114,-177.5865,-200,45,-200,45,-200,45
142000000,-18.617424,-175.77931,-200,45,-200,45,-200,45
142062500,-19.117527,-173.62436,-200,45,-200,45,-200,45
142125000,-19.624588,-171.18877,-200,45,-200,45,-200,45
142187500,-20.126181,-168.41222,-200,45,-200,45,-200,45
142250000,-20.629702,-165.17819,-200,45,-200,45,-200,45
142312500,-21.114355,-161.5853,-200,45,-200,45,-200,45
142375000,-21.559309,-157.54918,-200,45,-200,45,-200,45
142437500,-21.98551,-153.06148,-200,45,-200,45,-200,45
142500000,-22.367136,-148.11354,-200,45,-200,45,-200,45
142562500,-22.652378,-142.66748,-200,45,-200,45,-200,45
142625000,-22.859442,-136.85143,-200,45,-200,45,-200,45
142687500,-22.950928,-130.89,-200,45,-200,45,-200,45
142750000,-22.920229,-124.86076,-200,45,-200,45,-200,45
142812500,-22.790167,-118.83302,-200,45,-200,45,-200,45
142875000,-22.548019,-113.27866,-200,45,-200,45,-200,45
142937500,-22.214159,-108.01344,-200,45,-200,45,-200,45
143000000,-21.814688,-103.33035,-200,45,-200,45,-200,45
143062500,-21.385458,-99.183327,-200,45,-200,45,-200,45
143125000,-20.929871,-95.534653,-200,45,-200,45,-200,45
143187500,-20.454374,-92.389687,-200,45,-200,45,-200,45
143250000,-19.982979,-89.609383,-200,45,-200,45,-200,45
143312500,-19.523619,-87.134697,-200,45,-200,45,-200,45
143375000,-19.060911,-85.025848,-200,45,-200,45,-200,45
143437500,-18.619352,-83.206947,-200,45,-200,45,-200,45
143500000,-18.198101,-81.577843,-200,45,-200,45,-200,45
143562500,-17.780783,-80.156441,-200,45,-200,45,-200,45
143625000,-17.381712,-78.886879,-200,45,-200,45,-200,45
143687500,-16.98926,-77.762604,-200,45,-200,45,-200,45
143750000,-16.618309,-76.830391,-200,45,-200,45,-200,45
143812500,-16.261839,-75.977776,-200,45,-200,45,-200,45
143875000,-15.914775,-75.242653,-200,45,-200,45,-200,45
143937500,-15.581777,-74.610863,-200,45,-200,45,-200,45
144000000,-15.26405,-74.068611,-200,45,-200,45,-200,45
144062500,-14.958005,-73.605293,-200,45,-200,45,-200,45
144125000,-14.662257,-73.201187,-200,45,-200,45,-200,45
144187500,-14.384874,-72.889526,-200,45,-200,45,-200,45
144250000,-14.118945,-72.573814,-200,45,-200,45,-200,45
144312500,-13.864305,-72.329224,-200,45,-200,45,-200,45
144375000,-13.619829,-72.10405,-200,45,-200,45,-200,45
144437500,-13.393997,-71.887177,-200,45,-200,45,-200,45
144500000,-13.17367,-71.704041,-200,45,-200,45,-200,45
144562500,-12.963604,-71.454666,-200,45,-200,45,-200,45
144625000,-12.760161,-71.23983,-200,45,-200,45,-200,45
144687500,-12.564046,-71.013641,-200,45,-200,45,-200,45
144750000,-12.373372,-70.789513,-200,45,-200,45,-200,45
144812500,-12.183783,-70.584229,-200,45,-200,45,-200,45
144875000,-11.994476,-70.365128,-200,45,-200,45,-200,45
144937500,-11.809941,-70.120171,-200,45,-200,45,-200,45
145000000,-11.631829,-69.873672,-200,45,-200,45,-200,45
145062500,-11.448659,-69.667717,-200,45,-200,45,-200,45
145125000,-11.273124,-69.432159,-200,45,-200,45,-200,45
145187500,-11.088259,-69.209984,-200,45,-200,45,-200,45
145250000,-10.912289,-68.968826,-200,45,-200,45,-200,45
145312500,-10.73491,-68.760216,-200,45,-200,45,-200,45
145375000,-10.55417,-68.579018,-200,45,-200,45,-200,45
145437500,-10.37251,-68.420433,-200,45,-200,45,-200,45
145500000,-10.194674,-68.256645,-200,45,-200,45,-200,45
145562500,-10.013931,-68.135254,-200,45,-200,45,-200,45
145625000,-9.8371658,-68.044792,-200,45,-200,45,-200,45
145687500,-9.6569366,-67.974388,-200,45,-200,45,-200,45
145750000,-9.4819469,-67.929703,-200,45,-200,45,-200,45
145812500,-9.3051977,-67.921677,-200,45,-200,45,-200,45
145875000,-9.13449,-67.933182,-200,45,-200,45,-200,45
145937500,-8.9639845,-67.961838,-200,45,-200,45,-200,45
146000000,-8.7982073,-68.009811,-200,45,-200,45,-200,45
146062500,-8.6314354,-68.096718,-200,45,-200,45,-200,45
146125000,-8.4749002,-68.189018,-200,45,-200,45,-200,45
146187500,-8.3154049,-68.291512,-200,45,-200,45,-200,45
146250000,-8.1585846,-68.44384,-200,45,-200,45,-200,45
146312500,-8.0003605,-68.570534,-200,45,-200,45,-200,45
146375000,-7.8510604,-68.72744,-200,45,-200,45,-200,45
146437500,-7.7015104,-68.917717,-200,45,-200,45,-200,45
146500000,-7.5502753,-69.115318,-200,45,-200,45,-200,45
146562500,-7.4078107,-69.326088,-200,45,-200,45,-200,45
146625000,-7.2687826,-69.539413,-200,45,-200,45,-200,45
146687500,-7.1288576,-69.79303,-200,45,-200,45,-200,45
146750000,-6.993638,-70.025597,-200,45,-200,45,-200,45
146812500,-6.8592501,-70.296425,-200,45,-200,45,-200,45
146875000,-6.7279191,-70.56678,-200,45,-200,45,-200,45
146937500,-6.602417,-70.848343,-200,45,-200,45,-200,45
147000000,-6.4794946,-71.154915,-200,45,-200,45,-200,45
147062500,-6.3580737,-71.468987,-200,45,-200,45,-200,45
147125000,-6.2383919,-71.762962,-200,45,-200,45,-200,45
147187500,-6.1237502,-72.092438,-200,45,-200,45,-200,45
147250000,-6.0077643,-72.387466,-200,45,-200,45,-200,45
147312500,-5.897737,-72.698631,-200,45,-200,45,-200,45
147375000,-5.7872095,-73.036392,-200,45,-200,45,-200,45
147437500,-5.6814461,-73.376358,-200,45,-200,45,-200,45
147500000,-5.5735974,-73.702805,-200,45,-200,45,-200,45
147562500,-5.4722285,-74.05732,-200,45,-200,45,-200,45
147625000,-5.3693299,-74.405418,-200,45,-200,45,-200,45
147687500,-5.2733727,-74.771317,-200,45,-200,45,-200,45
147750000,-5.1751113,-75.133919,-200,45,-200,45,-200,45
147812500,-5.0812602,-75.512001,-200,45,-200,45,-200,45
147875000,-4.9894996,-75.887978,-200,45,-200,45,-200,45
147937500,-4.9014206,-76.26046,-200,45,-200,45,-200,45
148000000,-4.8142672,-76.64933,-200,45,-200,45,-200,45
148062500,-4.729876,-77.036728,-200,45,-200,45,-200,45
148125000,-4.6476312,-77.417931,-200,45,-200,45,-200,45
148187500,-4.5700068,-77.797508,-200,45,-200,45,-200,45
148250000,-4.4901505,-78.181702,-200,45,-200,45,-200,45
148312500,-4.4154143,-78.580902,-200,45,-200,45,-200,45
148375000,-4.3414927,-78.970032,-200,45,-200,45,-200,45
148437500,-4.2713175,-79.371796,-200,45,-200,45,-200,45
148500000,-4.2009649,-79.762222,-200,45,-200,45,-200,45
148562500,-4.1339397,-80.139641,-200,45,-200,45,-200,45
148625000,-4.0696635,-80.544739,-200,45,-200,45,-200,45
148687500,-4.0047374,-80.921036,-200,45,-200,45,-200,45
148750000,-3.9446192,-81.312813,-200,45,-200,45,-200,45
148812500,-3.8856876,-81.701218,-200,45,-200,45,-200,45
148875000,-3.831342,-82.099182,-200,45,-200,45,-200,45
148937500,-3.7759998,-82.463409,-200,45,-200,45,-200,45
149000000,-3.7229693,-82.837662,-200,45,-200,45,-200,45
149062500,-3.6736033,-83.209366,-200,45,-200,45,-200,45
149125000,-3.6225076,-83.552704,-200,45,-200,45,-200,45
149187500,-3.5743678,-83.917198,-200,45,-200,45,-200,45
149250000,-3.5284638,-84.261467,-200,45,-200,45,-200,45
149312500,-3.4823692,-84.601135,-200,45,-200,45,-200,45
149375000,-3.438931,-84.938507,-200,45,-200,45,-200,45
149437500,-3.3915377,-85.26442,-200,45,-200,45,-200,45
149500000,-3.3503444,-85.595245,-200,45,-200,45,-200,45
149562500,-3.3088155,-85.926315,-200,45,-200,45,-200,45
149625000,-3.2693002,-86.235901,-200,45,-200,45,-200,45
149687500,-3.2293649,-86.562775,-200,45,-200,45,-200,45
149750000,-3.18733,-86.86869,-200,45,-200,45,-200,45
149812500,-3.1479354,-87.183029,-200,45,-200,45,-200,45
149875000,-3.1098521,-87.488998,-200,45,-200,45,-200,45
149937500,-3.0739379,-87.794785,-200,45,-200,45,-200,45
150000000,-3.0369711,-88.096336,-200,45,-200,45,-200,45
150062500,-3.0031025,-88.388046,-200,45,-200,45,-200,45
150125000,-2.9661827,-88.684975,-200,45,-200,45,-200,45
150187500,-2.9318373,-88.97628,-200,45,-200,45,-200,45
150250000,-2.8986118,-89.258972,-200,45,-200,45,-200,45
150312500,-2.8664732,-89.525391,-200,45,-200,45,-200,45
150375000,-2.8316729,-89.816528,-200,45,-200,45,-200,45
150437500,-2.7980411,-90.089722,-200,45,-200,45,-200,45
150500000,-2.7686646,-90.344025,-200,45,-200,45,-200,45
150562500,-2.736064,-90.619377,-200,45,-200,45,-200,45
150625000,-2.7045262,-90.88456,-200,45,-200,45,-200,45
150687500,-2.6717675,-91.159615,-200,45,-200,45,-200,45
150750000,-2.6418464,-91.40934,-200,45,-200,45,-200,45
150812500,-2.6097929,-91.677902,-200,45,-200,45,-200,45
150875000,-2.5797467,-91.946495,-200,45,-200,45,-200,45
150937500,-2.5498669,-92.210815,-200,45,-200,45,-200,45
151000000,-2.5203221,-92.474915,-200,45,-200,45,-200,45
151062500,-2.4906578,-92.740608,-200,45,-200,45,-200,45
151125000,-2.4630082,-93.009346,-200,45,-200,45,-200,45
151187500,-2.4351625,-93.276497,-200,45,-200,45,-200,45
151250000,-2.4082274,-93.534363,-200,45,-200,45,-200,45
151312500,-2.3846295,-93.79792,-200,45,-200,45,-200,45
151375000,-2.3603799,-94.06205,-200,45,-200,45,-200,45
151437500,-2.3339775,-94.31945,-200,45,-200,45,-200,45
151500000,-2.311635,-94.564178,-200,45,-200,45,-200,45
151562500,-2.2867336,-94.816971,-200,45,-200,45,-200,45
151625000,-2.2621956,-95.064072,-200,45,-200,45,-200,45
151687500,-2.2405548,-95.313766,-200,45,-200,45,-200,45
151750000,-2.2186556,-95.563538,-200,45,-200,45,-200,45
151812500,-2.197171,-95.797836,-200,45,-200,45,-200,45
151875000,-2.1743731,-96.05191,-200,45,-200,45,-200,45
151937500,-2.1553171,-96.300484,-200,45,-200,45,-200,45
152000000,-2.1328804,-96.541977,-200,45,-200,45,-200,45
152062500,-2.1128693,-96.778427,-200,45,-200,45,-200,45
152125000,-2.0944595,-97.014526,-200,45,-200,45,-200,45
152187500,-2.0775633,-97.254478,-200,45,-200,45,-200,45
152250000,-2.0580914,-97.482941,-200,45,-200,45,-200,45
152312500,-2.0377233,-97.712166,-200,45,-200,45,-200,45
152375000,-2.0222125,-97.946991,-200,45,-200,45,-200,45
152437500,-2.0049417,-98.170906,-200,45,-200,45,-200,45
152500000,-1.9867356,-98.404594,-200,45,-200,45,-200,45
152562500,-1.9707384,-98.62748,-200,45,-200,45,-200,45
152625000,-1.9523948,-98.850189,-200,45,-200,45,-200,45
152687500,-1.9386636,-99.067276,-200,45,-200,45,-200,45
152750000,-1.9214028,-99.297516,-200,45,-200,45,-200,45
152812500,-1.9084035,-99.503731,-200,45,-200,45,-200,45
152875000,-1.8936415,-99.728745,-200,45,-200,45,-200,45
152937500,-1.8805224,-99.944069,-200,45,-200,45,-200,45
153000000,-1.8668606,-100.15105,-200,45,-200,45,-200,45
153062500,-1.8549268,-100.36358,-200,45,-200,45,-200,45
153125000,-1.8408437,-100.56277,-200,45,-200,45,-200,45
153187500,-1.826781,-100.76505,-200,45,-200,45,-200,45
153250000,-1.8156464,-100.97096,-200,45,-200,45,-200,45
153312500,-1.8036438,-101.16791,-200,45,-200,45,-200,45
153375000,-1.7916876,-101.36224,-200,45,-200,45,-200,45
153437500,-1.7803818,-101.56493,-200,45,-200,45,-200,45
153500000,-1.7698605,-101.75368,-200,45,-200,45,-200,45
153562500,-1.757874,-101.936,-200,45,-200,45,-200,45
153625000,-1.7464969,-102.12799,-200,45,-200,45,-200,45
153687500,-1.7365639,-102.31004,-200,45,-200,45,-200,45
153750000,-1.7271297,-102.48955,-200,45,-200,45,-200,45
153812500,-1.7172209,-102.66059,-200,45,-200,45,-200,45
153875000,-1.7050838,-102.82781,-200,45,-200,45,-200,45
153937500,-1.6959352,-103.00483,-200,45,-200,45,-200,45
154000000,-1.6860763,-103.16876,-200,45,-200,45,-200,45
154062500,-1.6770726,-103.33954,-200,45,-200,45,-200,45
154125000,-1.6651695,-103.50551,-200,45,-200,45,-200,45
154187500,-1.6566789,-103.66164,-200,45,-200,45,-200,45
154250000,-1.6448711,-103.82513,-200,45,-200,45,-200,45
154312500,-1.6362437,-103.98492,-200,45,-200,45,-200,45
154375000,-1.6232116,-104.14191,-200,45,-200,45,-200,45
154437500,-1.6123319,-104.29989,-200,45,-200,45,-200,45
154500000,-1.6015841,-104.45735,-200,45,-200,45,-200,45
154562500,-1.5915706,-104.61446,-200,45,-200,45,-200,45
154625000,-1.580853,-104.78316,-200,45,-200,45,-200,45
154687500,-1.5689632,-104.94006,-200,45,-200,45,-200,45
154750000,-1.5585037,-105.09234,-200,45,-200,45,-200,45
154812500,-1.5493307,-105.25417,-200,45,-200,45,-200,45
154875000,-1.538527,-105.42542,-200,45,-200,45,-200,45
154937500,-1.528411,-105.59103,-200,45,-200,45,-200,45
155000000,-1.5189052,-105.7487,-200,45,-200,45,-200,45
155062500,-1.5097952,-105.9089,-200,45,-200,45,-200,45
155125000,-1.5004696,-106.06172,-200,45,-200,45,-200,45
155187500,-1.4923936,-106.2143,-200,45,-200,45,-200,45
155250000,-1.4849703,-106.36858,-200,45,-200,45,-200,45
155312500,-1.4734414,-106.52425,-200,45,-200,45,-200,45
155375000,-1.4669627,-106.67845,-200,45,-200,45,-200,45
155437500,-1.4599528,-106.82104,-200,45,-200,45,-200,45
155500000,-1.4504105,-106.97013,-200,45,-200,45,-200,45
155562500,-1.4425902,-107.11452,-200,45,-200,45,-200,45
155625000,-1.4342968,-107.25924,-200,45,-200,45,-200,45
155687500,-1.4257828,-107.41541,-200,45,-200,45,-200,45
155750000,-1.4195342,-107.57143,-200,45,-200,45,-200,45
155812500,-1.4090569,-107.70864,-200,45,-200,45,-200,45
155875000,-1.4032481,-107.85641,-200,45,-200,45,-200,45
155937500,-1.396463,-108.00672,-200,45,-200,45,-200,45
156000000,-1.3890865,-108.14393,-200,45,-200,45,-200,45
156062500,-1.3818127,-108.28008,-200,45,-200,45,-200,45
156125000,-1.3749759,-108.42754,-200,45,-200,45,-200,45
156187500,-1.3695008,-108.58009,-200,45,-200,45,-200,45
156250000,-1.363556,-108.70578,-200,45,-200,45,-200,45
156312500,-1.356347,-108.85004,-200,45,-200,45,-200,45
156375000,-1.3504857,-108.98372,-200,45,-200,45,-200,45
156437500,-1.3445302,-109.1119,-200,45,-200,45,-200,45
156500000,-1.3378948,-109.24097,-200,45,-200,45,-200,45
156562500,-1.3313715,-109.3734,-200,45,-200,45,-200,45
156625000,-1.3275939,-109.50616,-200,45,-200,45,-200,45
156687500,-1.320917,-109.64261,-200,45,-200,45,-200,45
156750000,-1.316417,-109.7629,-200,45,-200,45,-200,45
156812500,-1.3087586,-109.88214,-200,45,-200,45,-200,45
156875000,-1.303969,-110.00436,-200,45,-200,45,-200,45
156937500,-1.3001014,-110.11725,-200,45,-200,45,-200,45
157000000,-1.2942039,-110.25618,-200,45,-200,45,-200,45
157062500,-1.2897377,-110.36979,-200,45,-200,45,-200,45
157125000,-1.2843589,-110.49335,-200,45,-200,45,-200,45
157187500,-1.2772638,-110.60829,-200,45,-200,45,-200,45
157250000,-1.2713158,-110.71208,-200,45,-200,45,-200,45
157312500,-1.2647499,-110.83305,-200,45,-200,45,-200,45
157375000,-1.2594573,-110.94273,-200,45,-200,45,-200,45
157437500,-1.253256,-111.06325,-200,45,-200,45,-200,45
157500000,-1.2453322,-111.1721,-200,45,-200,45,-200,45
157562500,-1.241286,-111.29122,-200,45,-200,45,-200,45
157625000,-1.2311577,-111.40365,-200,45,-200,45,-200,45
157687500,-1.2286572,-111.51059,-200,45,-200,45,-200,45
157750000,-1.2207168,-111.63188,-200,45,-200,45,-200,45
157812500,-1.2144095,-111.74609,-200,45,-200,45,-200,45
157875000,-1.2068651,-111.85278,-200,45,-200,45,-200,45
157937500,-1.2012225,-111.9738,-200,45,-200,45,-200,45
158000000,-1.1934829,-112.09715,-200,45,-200,45,-200,45
158062500,-1.188403,-112.2169,-200,45,-200,45,-200,45
158125000,-1.1826091,-112.31485,-200,45,-200,45,-200,45
158187500,-1.1765118,-112.44652,-200,45,-200,45,-200,45
158250000,-1.1710192,-112.55184,-200,45,-200,45,-200,45
158312500,-1.1653157,-112.66132,-200,45,-200,45,-200,45
158375000,-1.1585612,-112.77996,-200,45,-200,45,-200,45
158437500,-1.1533606,-112.89703,-200,45,-200,45,-200,45
158500000,-1.1496068,-113.00763,-200,45,-200,45,-200,45
158562500,-1.1435196,-113.12758,-200,45,-200,45,-200,45
158625000,-1.137234,-113.25153,-200,45,-200,45,-200,45
158687500,-1.1339504,-113.33684,-200,45,-200,45,-200,45
158750000,-1.1282262,-113.45992,-200,45,-200,45,-200,45
158812500,-1.1240052,-113.57056,-200,45,-200,45,-200,45
158875000,-1.1181588,-113.67034,-200,45,-200,45,-200,45
158937500,-1.1134617,-113.78403,-200,45,-200,45,-200,45
159000000,-1.1067126,-113.87901,-200,45,-200,45,-200,45
159062500,-1.1029054,-113.99692,-200,45,-200,45,-200,45
159125000,-1.0960778,-114.10268,-200,45,-200,45,-200,45
159187500,-1.0902356,-114.21008,-200,45,-200,45,-200,45
159250000,-1.0852818,-114.31613,-200,45,-200,45,-200,45
159312500,-1.079954,-114.42017,-200,45,-200,45,-200,45
159375000,-1.0737485,-114.53583,-200,45,-200,45,-200,45
159437500,-1.0685186,-114.64231,-200,45,-200,45,-200,45
159500000,-1.0631294,-114.76207,-200,45,-200,45,-200,45
159562500,-1.0602338,-114.8773,-200,45,-200,45,-200,45
159625000,-1.0550965,-114.98987,-200,45,-200,45,-200,45
159687500,-1.0519086,-115.09306,-200,45,-200,45,-200,45
159750000,-1.0473237,-115.20628,-200,45,-200,45,-200,45
159812500,-1.0432557,-115.31651,-200,45,-200,45,-200,45
159875000,-1.0408833,-115.42047,-200,45,-200,45,-200,45
159937500,-1.0366611,-115.51768,-200,45,-200,45,-200,45
160000000,-1.0334532,-115.62778,-200,45,-200,45,-200,45
160062500,-1.0308478,-115.73365,-200,45,-200,45,-200,45
160125000,-1.0264455,-115.83599,-200,45,-200,45,-200,45
160187500,-1.0237679,-115.93294,-200,45,-200,45,-200,45
160250000,-1.0191209,-116.03,-200,45,-200,45,-200,45
160312500,-1.0164937,-116.13156,-200,45,-200,45,-200,45
160375000,-1.013996,-116.23409,-200,45,-200,45,-200,45
160437500,-1.008872,-116.33319,-200,45,-200,45,-200,45
160500000,-1.0057738,-116.43836,-200,45,-200,45,-200,45
160562500,-1.0037961,-116.529,-200,45,-200,45,-200,45
160625000,-0.99886727,-116.61826,-200,45,-200,45,-200,45
160687500,-0.99536616,-116.72668,-200,45,-200,45,-200,45
160750000,-0.99257421,-116.81998,-200,45,-200,45,-200,45
160812500,-0.98860645,-116.91691,-200,45,-200,45,-200,45
160875000,-0.98481268,-117.00476,-200,45,-200,45,-200,45
160937500,-0.98034662,-117.10568,-200,45,-200,45,-200,45
161000000,-0.97823596,-117.19595,-200,45,-200,45,-200,45
161062500,-0.97325402,-117.29776,-200,45,-200,45,-200,45
161125000,-0.96955413,-117.39154,-200,45,-200,45,-200,45
161187500,-0.96561205,-117.4823,-200,45,-200,45,-200,45
161250000,-0.96205568,-117.5807,-200,45,-200,45,-200,45
161312500,-0.95991707,-117.67932,-200,45,-200,45,-200,45
161375000,-0.95663428,-117.765,-200,45,-200,45,-200,45
161437500,-0.95409602,-117.86561,-200,45,-200,45,-200,45
161500000,-0.94922477,-117.94865,-200,45,-200,45,-200,45
161562500,-0.94777083,-118.04283,-200,45,-200,45,-200,45
161625000,-0.94346064,-118.15383,-200,45,-200,45,-200,45
161687500,-0.94026423,-118.24507,-200,45,-200,45,-200,45
161750000,-0.93869901,-118.34247,-200,45,-200,45,-200,45
161812500,-0.93497813,-118.42229,-200,45,-200,45,-200,45
161875000,-0.93245363,-118.52851,-200,45,-200,45,-200,45
161937500,-0.92993838,-118.61942,-200,45,-200,45,-200,45
162000000,-0.92686224,-118.71141,-200,45,-200,45,-200,45
162062500,-0.92472851,-118.80326,-200,45,-200,45,-200,45
162125000,-0.92180103,-118.89548,-200,45,-200,45,-200,45
162187500,-0.91843694,-118.98122,-200,45,-200,45,-200,45
162250000,-0.91625321,-119.08397,-200,45,-200,45,-200,45
162312500,-0.91428167,-119.16154,-200,45,-200,45,-200,45
162375000,-0.91133267,-119.25732,-200,45,-200,45,-200,45
162437500,-0.91157997,-119.34853,-200,45,-200,45,-200,45
162500000,-0.9073025,-119.42836,-200,45,-200,45,-200,45
162562500,-0.90555257,-119.51203,-200,45,-200,45,-200,45
162625000,-0.90547997,-119.59127,-200,45,-200,45,-200,45
162687500,-0.90284377,-119.68576,-200,45,-200,45,-200,45
162750000,-0.90049404,-119.77184,-200,45,-200,45,-200,45
162812500,-0.89790195,-119.85044,-200,45,-200,45,-200,45
162875000,-0.8962341,-119.93761,-200,45,-200,45,-200,45
162937500,-0.89458936,-120.02607,-200,45,-200,45,-200,45
163000000,-0.89109468,-120.11111,-200,45,-200,45,-200,45
163062500,-0.88870239,-120.19361,-200,45,-200,45,-200,45
163125000,-0.88841379,-120.26526,-200,45,-200,45,-200,45
163187500,-0.88567477,-120.34982,-200,45,-200,45,-200,45
163250000,-0.88345629,-120.4288,-200,45,-200,45,-200,45
163312500,-0.88193625,-120.50243,-200,45,-200,45,-200,45
163375000,-0.87843025,-120.57784,-200,45,-200,45,-200,45
163437500,-0.87685913,-120.65765,-200,45,-200,45,-200,45
163500000,-0.87416816,-120.73698,-200,45,-200,45,-200,45
163562500,-0.87267178,-120.82628,-200,45,-200,45,-200,45
163625000,-0.86854076,-120.89808,-200,45,-200,45,-200,45
163687500,-0.866216,-120.96627,-200,45,-200,45,-200,45
163750000,-0.86417043,-121.0533,-200,45,-200,45,-200,45
163812500,-0.86059743,-121.1402,-200,45,-200,45,-200,45
163875000,-0.85757709,-121.21506,-200,45,-200,45,-200,45
163937500,-0.85573423,-121.29632,-200,45,-200,45,-200,45
164000000,-0.85314101,-121.37926,-200,45,-200,45,-200,45
164062500,-0.85041976,-121.45541,-200,45,-200,45,-200,45
164125000,-0.84834981,-121.53992,-200,45,-200,45,-200,45
164187500,-0.84426147,-121.62868,-200,45,-200,45,-200,45
164250000,-0.84341222,-121.70779,-200,45,-200,45,-200,45
164312500,-0.8402195,-121.78535,-200,45,-200,45,-200,45
164375000,-0.83817637,-121.86164,-200,45,-200,45,-200,45
164437500,-0.83679295,-121.93809,-200,45,-200,45,-200,45
164500000,-0.83605957,-122.01994,-200,45,-200,45,-200,45
164562500,-0.83447409,-122.09458,-200,45,-200,45,-200,45
164625000,-0.83195841,-122.16936,-200,45,-200,45,-200,45
164687500,-0.82911611,-122.25362,-200,45,-200,45,-200,45
164750000,-0.82734686,-122.32318,-200,45,-200,45,-200,45
164812500,-0.82725227,-122.39868,-200,45,-200,45,-200,45
164875000,-0.82419157,-122.47125,-200,45,-200,45,-200,45
164937500,-0.82266122,-122.55518,-200,45,-200,45,-200,45
165000000,-0.819327,-122.61509,-200,45,-200,45,-200,45
165062500,-0.81782395,-122.69785,-200,45,-200,45,-200,45
165125000,-0.81556278,-122.76906,-200,45,-200,45,-200,45
165187500,-0.81410503,-122.84196,-200,45,-200,45,-200,45
165250000,-0.81139266,-122.91778,-200,45,-200,45,-200,45
165312500,-0.80967182,-122.98913,-200,45,-200,45,-200,45
165375000,-0.80736297,-123.07056,-200,45,-200,45,-200,45
165437500,-0.80562228,-123.13535,-200,45,-200,45,-200,45
165500000,-0.80371255,-123.21694,-200,45,-200,45,-200,45
165562500,-0.80194688,-123.2858,-200,45,-200,45,-200,45
165625000,-0.79967493,-123.36407,-200,45,-200,45,-200,45
165687500,-0.79823679,-123.43436,-200,45,-200,45,-200,45
165750000,-0.79638207,-123.50453,-200,45,-200,45,-200,45
165812500,-0.79186726,-123.57909,-200,45,-200,45,-200,45
165875000,-0.79190981,-123.65218,-200,45,-200,45,-200,45
165937500,-0.78980339,-123.71948,-200,45,-200,45,-200,45
166000000,-0.78899658,-123.79353,-200,45,-200,45,-200,45
166062500,-0.78583366,-123.86469,-200,45,-200,45,-200,45
166125000,-0.78541434,-123.94321,-200,45,-200,45,-200,45
166187500,-0.78332692,-124.01582,-200,45,-200,45,-200,45
166250000,-0.78195518,-124.08589,-200,45,-200,45,-200,45
166312500,-0.77855831,-124.1475,-200,45,-200,45,-200,45
166375000,-0.7776925,-124.22025,-200,45,-200,45,-200,45
166437500,-0.77577913,-124.29791,-200,45,-200,45,-200,45
166500000,-0.77454859,-124.36962,-200,45,-200,45,-200,45
166562500,-0.77137262,-124.44138,-200,45,-200,45,-200,45
166625000,-0.76983958,-124.51015,-200,45,-200,45,-200,45
166687500,-0.76793897,-124.5843,-200,45,-200,45,-200,45
166750000,-0.76589936,-124.66475,-200,45,-200,45,-200,45
166812500,-0.76437223,-124.71693,-200,45,-200,45,-200,45
166875000,-0.76345491,-124.78842,-200,45,-200,45,-200,45
166937500,-0.76082551,-124.86494,-200,45,-200,45,-200,45
167000000,-0.75977778,-124.93434,-200,45,-200,45,-200,45
167062500,-0.75742626,-125.0006,-200,45,-200,45,-200,45
167125000,-0.75589371,-125.07465,-200,45,-200,45,-200,45
167187500,-0.75475162,-125.14617,-200,45,-200,45,-200,45
167250000,-0.75347793,-125.21539,-200,45,-200,45,-200,45
167312500,-0.75243032,-125.28281,-200,45,-200,45,-200,45
167375000,-0.75050771,-125.34844,-200,45,-200,45,-200,45
167437500,-0.7491799,-125.41477,-200,45,-200,45,-200,45
167500000,-0.74904495,-125.48949,-200,45,-200,45,-200,45
167562500,-0.74722856,-125.55688,-200,45,-200,45,-200,45
167625000,-0.74646765,-125.61507,-200,45,-200,45,-200,45
167687500,-0.74444056,-125.68571,-200,45,-200,45,-200,45
167750000,-0.74332225,-125.75256,-200,45,-200,45,-200,45
167812500,-0.74166518,-125.80769,-200,45,-200,45,-200,45
167875000,-0.73858851,-125.87506,-200,45,-200,45,-200,45
167937500,-0.73962766,-125.93729,-200,45,-200,45,-200,45
168000000,-0.73663586,-126.00137,-200,45,-200,45,-200,45
168062500,-0.73525524,-126.08148,-200,45,-200,45,-200,45
168125000,-0.73282444,-126.1407,-200,45,-200,45,-200,45
168187500,-0.72838241,-126.20015,-200,45,-200,45,-200,45
168250000,-0.7308026,-126.26994,-200,45,-200,45,-200,45
168312500,-0.72681826,-126.3372,-200,45,-200,45,-200,45
168375000,-0.72492617,-126.40571,-200,45,-200,45,-200,45
168437500,-0.72305989,-126.47631,-200,45,-200,45,-200,45
168500000,-0.72144079,-126.5414,-200,45,-200,45,-200,45
168562500,-0.71981078,-126.60366,-200,45,-200,45,-200,45
168625000,-0.71851826,-126.67641,-200,45,-200,45,-200,45
168687500,-0.71710694,-126.73648,-200,45,-200,45,-200,45
168750000,-0.71446711,-126.80762,-200,45,-200,45,-200,45
168812500,-0.71391088,-126.87414,-200,45,-200,45,-200,45
168875000,-0.71223605,-126.93918,-200,45,-200,45,-200,45
168937500,-0.7110002,-127.00909,-200,45,-200,45,-200,45
169000000,-0.7096467,-127.07197,-200,45,-200,45,-200,45
169062500,-0.70839787,-127.13776,-200,45,-200,45,-200,45
169125000,-0.70732343,-127.20641,-200,45,-200,45,-200,45
169187500,-0.70474511,-127.27186,-200,45,-200,45,-200,45
169250000,-0.70478261,-127.32634,-200,45,-200,45,-200,45
169312500,-0.70354652,-127.40182,-200,45,-200,45,-200,45
169375000,-0.70177025,-127.46355,-200,45,-200,45,-200,45
169437500,-0.70166773,-127.5335,-200,45,-200,45,-200,45
169500000,-0.69900995,-127.59013,-200,45,-200,45,-200,45
169562500,-0.69806433,-127.65566,-200,45,-200,45,-200,45
169625000,-0.6953153,-127.71862,-200,45,-200,45,-200,45
169687500,-0.69357997,-127.78223,-200,45,-200,45,-200,45
169750000,-0.6938405,-127.85509,-200,45,-200,45,-200,45
169812500,-0.69145155,-127.92728,-200,45,-200,45,-200,45
169875000,-0.68955702,-127.98313,-200,45,-200,45,-200,45
169937500,-0.68841052,-128.05882,-200,45,-200,45,-200,45
170000000,-0.68847877,-128.12859,-200,45,-200,45,-200,45
170062500,-0.6867941,-128.18587,-200,45,-200,45,-200,45
170125000,-0.68701184,-128.24995,-200,45,-200,45,-200,45
170187500,-0.68595827,-128.31618,-200,45,-200,45,-200,45
170250000,-0.68668318,-128.38658,-200,45,-200,45,-200,45
170312500,-0.6864928,-128.44376,-200,45,-200,45,-200,45
170375000,-0.68417984,-128.51173,-200,45,-200,45,-200,45
170437500,-0.68416202,-128.57314,-200,45,-200,45,-200,45
170500000,-0.68362713,-128.63733,-200,45,-200,45,-200,45
170562500,-0.68328774,-128.69431,-200,45,-200,45,-200,45
170625000,-0.68328995,-128.76025,-200,45,-200,45,-200,45
170687500,-0.68242019,-128.8107,-200,45,-200,45,-200,45
170750000,-0.68126792,-128.87315,-200,45,-200,45,-200,45
170812500,-0.68023753,-128.92577,-200,45,-200,45,-200,45
170875000,-0.67960006,-128.98341,-200,45,-200,45,-200,45
170937500,-0.6790179,-129.03484,-200,45,-200,45,-200,45
171000000,-0.67855501,-129.1033,-200,45,-200,45,-200,45
171062500,-0.67732155,-129.14804,-200,45,-200,45,-200,45
171125000,-0.67627251,-129.21236,-200,45,-200,45,-200,45
171187500,-0.67510283,-129.26569,-200,45,-200,45,-200,45
171250000,-0.67330253,-129.33205,-200,45,-200,45,-200,45
171312500,-0.6728825,-129.39032,-200,45,-200,45,-200,45
171375000,-0.67088526,-129.44273,-200,45,-200,45,-200,45
171437500,-0.66925889,-129.49898,-200,45,-200,45,-200,45
171500000,-0.66753095,-129.56427,-200,45,-200,45,-200,45
171562500,-0.6664027,-129.63164,-200,45,-200,45,-200,45
171625000,-0.66443282,-129.68295,-200,45,-200,45,-200,45
171687500,-0.66256112,-129.74753,-200,45,-200,45,-200,45
171750000,-0.66150475,-129.80511,-200,45,-200,45,-200,45
171812500,-0.6610688,-129.85905,-200,45,-200,45,-200,45
171875000,-0.66028917,-129.92255,-200,45,-200,45,-200,45
171937500,-0.65910012,-129.98468,-200,45,-200,45,-200,45
172000000,-0.6562503,-130.04099,-200,45,-200,45,-200,45
172062500,-0.65573078,-130.10768,-200,45,-200,45,-200,45
172125000,-0.65486562,-130.15852,-200,45,-200,45,-200,45
172187500,-0.65292591,-130.21436,-200,45,-200,45,-200,45
172250000,-0.65202624,-130.27864,-200,45,-200,45,-200,45
172312500,-0.65197986,-130.33105,-200,45,-200,45,-200,45
172375000,-0.64907044,-130.38736,-200,45,-200,45,-200,45
172437500,-0.64885652,-130.45004,-200,45,-200,45,-200,45
172500000,-0.64571416,-130.52199,-200,45,-200,45,-200,45
172562500,-0.64448166,-130.57187,-200,45,-200,45,-200,45
172625000,-0.6441865,-130.62764,-200,45,-200,45,-200,45
172687500,-0.64294863,-130.69458,-200,45,-200,45,-200,45
172750000,-0.6421513,-130.75995,-200,45,-200,45,-200,45
172812500,-0.64150184,-130.8118,-200,45,-200,45,-200,45
172875000,-0.64013082,-130.87256,-200,45,-200,45,-200,45
172937500,-0.63991296,-130.92375,-200,45,-200,45,-200,45
173000000,-0.63960165,-130.9812,-200,45,-200,45,-200,45
173062500,-0.63855654,-131.0388,-200,45,-200,45,-200,45
173125000,-0.63883281,-131.09258,-200,45,-200,45,-200,45
173187500,-0.63680428,-131.15334,-200,45,-200,45,-200,45
173250000,-0.63685638,-131.20877,-200,45,-200,45,-200,45
173312500,-0.63560849,-131.26817,-200,45,-200,45,-200,45
173375000,-0.63269979,-131.32141,-200,45,-200,45,-200,45
173437500,-0.63240486,-131.3755,-200,45,-200,45,-200,45
173500000,-0.6323579,-131.43486,-200,45,-200,45,-200,45
173562500,-0.63128352,-131.48154,-200,45,-200,45,-200,45
173625000,-0.6295296,-131.54114,-200,45,-200,45,-200,45
173687500,-0.62910807,-131.59172,-200,45,-200,45,-200,45
173750000,-0.6272741,-131.65034,-200,45,-200,45,-200,45
173812500,-0.62526047,-131.70781,-200,45,-200,45,-200,45
173875000,-0.62530404,-131.77075,-200,45,-200,45,-200,45
173937500,-0.6220758,-131.81689,-200,45,-200,45,-200,45
174000000,-0.62304986,-131.87941,-200,45,-200,45,-200,45
174062500,-0.62040222,-131.92943,-200,45,-200,45,-200,45
174125000,-0.62129587,-131.99661,-200,45,-200,45,-200,45
174187500,-0.61897892,-132.05643,-200,45,-200,45,-200,45
174250000,-0.61957657,-132.12494,-200,45,-200,45,-200,45
174312500,-0.61729503,-132.17422,-200,45,-200,45,-200,45
174375000,-0.6180678,-132.23354,-200,45,-200,45,-200,45
174437500,-0.6171515,-132.29253,-200,45,-200,45,-200,45
174500000,-0.6163134,-132.34785,-200,45,-200,45,-200,45
174562500,-0.61507338,-132.40717,-200,45,-200,45,-200,45
174625000,-0.61433864,-132.47061,-200,45,-200,45,-200,45
174687500,-0.61386859,-132.50867,-200,45,-200,45,-200,45
174750000,-0.61372626,-132.57544,-200,45,-200,45,-200,45
174812500,-0.6126973,-132.6375,-200,45,-200,45,-200,45
174875000,-0.61491734,-132.67711,-200,45,-200,45,-200,45
174937500,-0.61293465,-132.73531,-200,45,-200,45,-200,45
175000000,-0.61250103,-132.79141,-200,45,-200,45,-200,45
175062500,-0.61085021,-132.84755,-200,45,-200,45,-200,45
175125000,-0.61170155,-132.89355,-200,45,-200,45,-200,45
175187500,-0.61094451,-132.95782,-200,45,-200,45,-200,45
175250000,-0.60961854,-132.99509,-200,45,-200,45,-200,45
175312500,-0.60755682,-133.06197,-200,45,-200,45,-200,45
175375000,-0.60866308,-133.10966,-200,45,-200,45,-200,45
175437500,-0.6067183,-133.15627,-200,45,-200,45,-200,45
175500000,-0.60860246,-133.21487,-200,45,-200,45,-200,45
175562500,-0.60381359,-133.26387,-200,45,-200,45,-200,45
175625000,-0.60408604,-133.32253,-200,45,-200,45,-200,45
175687500,-0.60302997,-133.36244,-200,45,-200,45,-200,45
175750000,-0.60460013,-133.42905,-200,45,-200,45,-200,45
175812500,-0.60558265,-133.46057,-200,45,-200,45,-200,45
175875000,-0.60085499,-133.52356,-200,45,-200,45,-200,45
175937500,-0.59957051,-133.57692,-200,45,-200,45,-200,45
176000000,-0.59879565,-133.6351,-200,45,-200,45,-200,45
176062500,-0.5982722,-133.67978,-200,45,-200,45,-200,45
176125000,-0.59841311,-133.73369,-200,45,-200,45,-200,45
176187500,-0.59688282,-133.78146,-200,45,-200,45,-200,45
176250000,-0.5944472,-133.82939,-200,45,-200,45,-200,45
176312500,-0.59447092,-133.88826,-200,45,-200,45,-200,45
176375000,-0.59467697,-133.93726,-200,45,-200,45,-200,45
176437500,-0.59336758,-133.9949,-200,45,-200,45,-200,45
176500000,-0.59431595,-134.04974,-200,45,-200,45,-200,45
176562500,-0.59160525,-134.08777,-200,45,-200,45,-200,45
176625000,-0.58848673,-134.14714,-200,45,-200,45,-200,45
176687500,-0.58775628,-134.18523,-200,45,-200,45,-200,45
176750000,-0.58794194,-134.25824,-200,45,-200,45,-200,45
176812500,-0.58754069,-134.30412,-200,45,-200,45,-200,45
176875000,-0.58639264,-134.35562,-200,45,-200,45,-200,45
176937500,-0.58583236,-134.41222,-200,45,-200,45,-200,45
177000000,-0.58330137,-134.46011,-200,45,-200,45,-200,45
177062500,-0.58332485,-134.50951,-200,45,-200,45,-200,45
177125000,-0.58369881,-134.56555,-200,45,-200,45,-200,45
177187500,-0.58138841,-134.62296,-200,45,-200,45,-200,45
177250000,-0.58181882,-134.66783,-200,45,-200,45,-200,45
177312500,-0.57924962,-134.73233,-200,45,-200,45,-200,45
177375000,-0.57904017,-134.78075,-200,45,-200,45,-200,45
177437500,-0.57884628,-134.82207,-200,45,-200,45,-200,45
177500000,-0.58021277,-134.88055,-200,45,-200,45,-200,45
177562500,-0.57722831,-134.9247,-200,45,-200,45,-200,45
177625000,-0.5764398,-134.97752,-200,45,-200,45,-200,45
177687500,-0.57626677,-135.02994,-200,45,-200,45,-200,45
177750000,-0.57544231,-135.08524,-200,45,-200,45,-200,45
177812500,-0.57536203,-135.14053,-200,45,-200,45,-200,45
177875000,-0.57404453,-135.1814,-200,45,-200,45,-200,45
177937500,-0.57430643,-135.23239,-200,45,-200,45,-200,45
178000000,-0.57314867,-135.28204,-200,45,-200,45,-200,45
178062500,-0.57348198,-135.33856,-200,45,-200,45,-200,45
178125000,-0.57217222,-135.37636,-200,45,-200,45,-200,45
178187500,-0.57192022,-135.43039,-200,45,-200,45,-200,45
178250000,-0.56960559,-135.49171,-200,45,-200,45,-200,45
178312500,-0.56803691,-135.53743,-200,45,-200,45,-200,45
178375000,-0.56830072,-135.58383,-200,45,-200,45,-200,45
178437500,-0.56876099,-135.62733,-200,45,-200,45,-200,45
178500000,-0.56664789,-135.6799,-200,45,-200,45,-200,45
178562500,-0.56655473,-135.7327,-200,45,-200,45,-200,45
178625000,-0.56567127,-135.77534,-200,45,-200,45,-200,45
178687500,-0.56369817,-135.83406,-200,45,-200,45,-200,45
178750000,-0.56249994,-135.88748,-200,45,-200,45,-200,45
178812500,-0.56279588,-135.93532,-200,45,-200,45,-200,45
178875000,-0.56351894,-135.98933,-200,45,-200,45,-200,45
178937500,-0.55922729,-136.03906,-200,45,-200,45,-200,45
179000000,-0.55900264,-136.08714,-200,45,-200,45,-200,45
179062500,-0.55686581,-136.13429,-200,45,-200,45,-200,45
179125000,-0.55680662,-136.18759,-200,45,-200,45,-200,45
179187500,-0.5568223,-136.23723,-200,45,-200,45,-200,45
179250000,-0.55757362,-136.29874,-200,45,-200,45,-200,45
179312500,-0.55642718,-136.34695,-200,45,-200,45,-200,45
179375000,-0.55432415,-136.38448,-200,45,-200,45,-200,45
179437500,-0.55375534,-136.44038,-200,45,-200,45,-200,45
179500000,-0.55444407,-136.48109,-200,45,-200,45,-200,45
179562500,-0.55239338,-136.53625,-200,45,-200,45,-200,45
179625000,-0.5529905,-136.58475,-200,45,-200,45,-200,45
179687500,-0.55127192,-136.64032,-200,45,-200,45,-200,45
179750000,-0.55168247,-136.68929,-200,45,-200,45,-200,45
179812500,-0.54968446,-136.74088,-200,45,-200,45,-200,45
179875000,-0.55072588,-136.78711,-200,45,-200,45,-200,45
179937500,-0.55005735,-136.83089,-200,45,-200,45,-200,45
180000000,-0.5506826,-136.88382,-200,45,-200,45,-200,45
180062500,-0.5476976,-136.93463,-200,45,-200,45,-200,45
180125000,-0.54599518,-136.98628,-200,45,-200,45,-200,45
180187500,-0.54795444,-137.04051,-200,45,-200,45,-200,45
180250000,-0.5461421,-137.08949,-200,45,-200,45,-200,45
180312500,-0.54624903,-137.13319,-200,45,-200,45,-200,45
180375000,-0.54584157,-137.18085,-200,45,-200,45,-200,45
180437500,-0.54384452,-137.23553,-200,45,-200,45,-200,45
180500000,-0.54435986,-137.28326,-200,45,-200,45,-200,45
180562500,-0.54327232,-137.32921,-200,45,-200,45,-200,45
180625000,-0.54344845,-137.37509,-200,45,-200,45,-200,45
180687500,-0.54214483,-137.42021,-200,45,-200,45,-200,45
180750000,-0.54209822,-137.47929,-200,45,-200,45,-200,45
180812500,-0.54156929,-137.51675,-200,45,-200,45,-200,45
180875000,-0.53958279,-137.56921,-200,45,-200,45,-200,45
180937500,-0.54080683,-137.62474,-200,45,-200,45,-200,45
181000000,-0.54052484,-137.66713,-200,45,-200,45,-200,45
181062500,-0.53817242,-137.70645,-200,45,-200,45,-200,45
181125000,-0.53736484,-137.74799,-200,45,-200,45,-200,45
181187500,-0.53749257,-137.80249,-200,45,-200,45,-200,45
181250000,-0.53741086,-137.86031,-200,45,-200,45,-200,45
181312500,-0.53427786,-137.90666,-200,45,-200,45,-200,45
181375000,-0.5361312,-137.95369,-200,45,-200,45,-200,45
181437500,-0.53413886,-137.99431,-200,45,-200,45,-200,45
181500000,-0.53275162,-138.04813,-200,45,-200,45,-200,45
181562500,-0.53043842,-138.10437,-200,45,-200,45,-200,45
181625000,-0.5316298,-138.14873,-200,45,-200,45,-200,45
181687500,-0.53097939,-138.1953,-200,45,-200,45,-200,45
181750000,-0.52911556,-138.24498,-200,45,-200,45,-200,45
181812500,-0.52753592,-138.29576,-200,45,-200,45,-200,45
181875000,-0.52665794,-138.35403,-200,45,-200,45,-200,45
181937500,-0.52749002,-138.39343,-200,45,-200,45,-200,45
182000000,-0.52563459,-138.45016,-200,45,-200,45,-200,45
182062500,-0.52468485,-138.49324,-200,45,-200,45,-200,45
182125000,-0.5250026,-138.54997,-200,45,-200,45,-200,45
182187500,-0.52502662,-138.60352,-200,45,-200,45,-200,45
182250000,-0.52279967,-138.64981,-200,45,-200,45,-200,45
182312500,-0.52316755,-138.70355,-200,45,-200,45,-200,45
182375000,-0.52291274,-138.74925,-200,45,-200,45,-200,45
182437500,-0.5222792,-138.79118,-200,45,-200,45,-200,45
182500000,-0.52336657,-138.84715,-200,45,-200,45,-200,45
182562500,-0.52202898,-138.90945,-200,45,-200,45,-200,45
182625000,-0.52011114,-138.952,-200,45,-200,45,-200,45
182687500,-0.52096581,-138.99416,-200,45,-200,45,-200,45
182750000,-0.52056623,-139.03926,-200,45,-200,45,-200,45
182812500,-0.52057409,-139.08775,-200,45,-200,45,-200,45
182875000,-0.52072316,-139.14429,-200,45,-200,45,-200,45
182937500,-0.51939219,-139.18921,-200,45,-200,45,-200,45
183000000,-0.51990968,-139.22861,-200,45,-200,45,-200,45
183062500,-0.51944721,-139.27745,-200,45,-200,45,-200,45
183125000,-0.51876503,-139.32828,-200,45,-200,45,-200,45
183187500,-0.51966155,-139.36656,-200,45,-200,45,-200,45
183250000,-0.51938307,-139.41399,-200,45,-200,45,-200,45
183312500,-0.51850659,-139.46683,-200,45,-200,45,-200,45
183375000,-0.51934558,-139.51833,-200,45,-200,45,-200,45
183437500,-0.5168857,-139.55247,-200,45,-200,45,-200,45
183500000,-0.5172199,-139.60796,-200,45,-200,45,-200,45
183562500,-0.51523978,-139.65364,-200,45,-200,45,-200,45
183625000,-0.51611155,-139.70483,-200,45,-200,45,-200,45
183687500,-0.51545131,-139.75395,-200,45,-200,45,-200,45
183750000,-0.51555955,-139.79495,-200,45,-200,45,-200,45
183812500,-0.51394385,-139.83797,-200,45,-200,45,-200,45
183875000,-0.51426971,-139.88724,-200,45,-200,45,-200,45
183937500,-0.51349527,-139.93846,-200,45,-200,45,-200,45
184000000,-0.51405394,-139.98064,-200,45,-200,45,-200,45
184062500,-0.51349074,-140.03728,-200,45,-200,45,-200,45
184125000,-0.51169646,-140.07655,-200,45,-200,45,-200,45
184187500,-0.51167846,-140.12514,-200,45,-200,45,-200,45
184250000,-0.51154393,-140.16724,-200,45,-200,45,-200,45
184312500,-0.51012653,-140.22098,-200,45,-200,45,-200,45
184375000,-0.51072037,-140.26237,-200,45,-200,45,-200,45
184437500,-0.50906724,-140.30746,-200,45,-200,45,-200,45
184500000,-0.51041967,-140.35497,-200,45,-200,45,-200,45
184562500,-0.50944924,-140.4032,-200,45,-200,45,-200,45
184625000,-0.50917602,-140.4539,-200,45,-200,45,-200,45
184687500,-0.50795144,-140.50191,-200,45,-200,45,-200,45
184750000,-0.50878674,-140.54662,-200,45,-200,45,-200,45
184812500,-0.50747496,-140.58755,-200,45,-200,45,-200,45
184875000,-0.50681925,-140.64178,-200,45,-200,45,-200,45
184937500,-0.50647509,-140.67523,-200,45,-200,45,-200,45
185000000,-0.50618184,-140.73676,-200,45,-200,45,-200,45
185062500,-0.50758761,-140.76669,-200,45,-200,45,-200,45
185125000,-0.50744683,-140.82101,-200,45,-200,45,-200,45
185187500,-0.50566071,-140.86957,-200,45,-200,45,-200,45
185250000,-0.504219,-140.91685,-200,45,-200,45,-200,45
185312500,-0.50486946,-140.96231,-200,45,-200,45,-200,45
185375000,-0.50475943,-141.00568,-200,45,-200,45,-200,45
185437500,-0.50472474,-141.05133,-200,45,-200,45,-200,45
185500000,-0.50308466,-141.09807,-200,45,-200,45,-200,45
185562500,-0.50207466,-141.14058,-200,45,-200,45,-200,45
185625000,-0.50253767,-141.19405,-200,45,-200,45,-200,45
185687500,-0.50305378,-141.23563,-200,45,-200,45,-200,45
185750000,-0.5003792,-141.28323,-200,45,-200,45,-200,45
185812500,-0.50190079,-141.32851,-200,45,-200,45,-200,45
185875000,-0.50064838,-141.37492,-200,45,-200,45,-200,45
185937500,-0.50170726,-141.42351,-200,45,-200,45,-200,45
186000000,-0.50100899,-141.46062,-200,45,-200,45,-200,45
186062500,-0.50077939,-141.51385,-200,45,-200,45,-200,45
186125000,-0.49900243,-141.55092,-200,45,-200,45,-200,45
186187500,-0.49845347,-141.60083,-200,45,-200,45,-200,45
186250000,-0.4990308,-141.64578,-200,45,-200,45,-200,45
186312500,-0.49934253,-141.69646,-200,45,-200,45,-200,45
186375000,-0.49885052,-141.7402,-200,45,-200,45,-200,45
186437500,-0.49797779,-141.7905,-200,45,-200,45,-200,45
186500000,-0.49668321,-141.84013,-200,45,-200,45,-200,45
186562500,-0.49871826,-141.87889,-200,45,-200,45,-200,45
186625000,-0.4978624,-141.93137,-200,45,-200,45,-200,45
186687500,-0.49702367,-141.97008,-200,45,-200,45,-200,45
186750000,-0.49672821,-142.01401,-200,45,-200,45,-200,45
186812500,-0.49665213,-142.06055,-200,45,-200,45,-200,45
186875000,-0.49612978,-142.10701,-200,45,-200,45,-200,45
186937500,-0.49456054,-142.14944,-200,45,-200,45,-200,45
187000000,-0.49542493,-142.19125,-200,45,-200,45,-200,45
187062500,-0.49428657,-142.24776,-200,45,-200,45,-200,45
187125000,-0.49492642,-142.29057,-200,45,-200,45,-200,45
187187500,-0.49448743,-142.33299,-200,45,-200,45,-200,45
187250000,-0.49475268,-142.38313,-200,45,-200,45,-200,45
187312500,-0.49565703,-142.42993,-200,45,-200,45,-200,45
187375000,-0.49303439,-142.47267,-200,45,-200,45,-200,45
187437500,-0.49340373,-142.52174,-200,45,-200,45,-200,45
187500000,-0.4943876,-142.5603,-200,45,-200,45,-200,45
187562500,-0.4938007,-142.60997,-200,45,-200,45,-200,45
187625000,-0.49392584,-142.64986,-200,45,-200,45,-200,45
187687500,-0.493655,-142.703,-200,45,-200,45,-200,45
187750000,-0.49311629,-142.74617,-200,45,-200,45,-200,45
187812500,-0.49285597,-142.79411,-200,45,-200,45,-200,45
187875000,-0.49355331,-142.83521,-200,45,-200,45,-200,45
187937500,-0.4933002,-142.8759,-200,45,-200,45,-200,45
188000000,-0.49094275,-142.92361,-200,45,-200,45,-200,45
188062500,-0.49137831,-142.97366,-200,45,-200,45,-200,45
188125000,-0.49148521,-143.02097,-200,45,-200,45,-200,45
188187500,-0.49077734,-143.06114,-200,45,-200,45,-200,45
188250000,-0.49010131,-143.10426,-200,45,-200,45,-200,45
188312500,-0.49099484,-143.1548,-200,45,-200,45,-200,45
188375000,-0.49180281,-143.19846,-200,45,-200,45,-200,45
188437500,-0.4914116,-143.24435,-200,45,-200,45,-200,45
188500000,-0.48998362,-143.29117,-200,45,-200,45,-200,45
188562500,-0.49199313,-143.33101,-200,45,-200,45,-200,45
188625000,-0.49147049,-143.38417,-200,45,-200,45,-200,45
188687500,-0.49130717,-143.41812,-200,45,-200,45,-200,45
188750000,-0.4905543,-143.46597,-200,45,-200,45,-200,45
188812500,-0.49167025,-143.51082,-200,45,-200,45,-200,45
188875000,-0.49018195,-143.55635,-200,45,-200,45,-200,45
188937500,-0.49189383,-143.6006,-200,45,-200,45,-200,45
189000000,-0.49084908,-143.64513,-200,45,-200,45,-200,45
189062500,-0.49101946,-143.69034,-200,45,-200,45,-200,45
189125000,-0.49188963,-143.72641,-200,45,-200,45,-200,45
189187500,-0.49146816,-143.77295,-200,45,-200,45,-200,45
189250000,-0.49206996,-143.81924,-200,45,-200,45,-200,45
189312500,-0.49074033,-143.86433,-200,45,-200,45,-200,45
189375000,-0.49138263,-143.90314,-200,45,-200,45,-200,45
189437500,-0.48991564,-143.94955,-200,45,-200,45,-200,45
189500000,-0.49033055,-143.99373,-200,45,-200,45,-200,45
189562500,-0.49090412,-144.03763,-200,45,-200,45,-200,45
189625000,-0.49019411,-144.09068,-200,45,-200,45,-200,45
189687500,-0.49172312,-144.12959,-200,45,-200,45,-200,45
189750000,-0.48900104,-144.17361,-200,45,-200,45,-200,45
189812500,-0.4904559,-144.21503,-200,45,-200,45,-200,45
189875000,-0.48971164,-144.25728,-200,45,-200,45,-200,45
189937500,-0.48882961,-144.30228,-200,45,-200,45,-200,45
190000000,-0.48942682,-144.34288,-200,45,-200,45,-200,45
190062500,-0.49064568,-144.39217,-200,45,-200,45,-200,45
190125000,-0.49080291,-144.42377,-200,45,-200,45,-200,45
190187500,-0.48866677,-144.48157,-200,45,-200,45,-200,45
190250000,-0.4908762,-144.52531,-200,45,-200,45,-200,45
190312500,-0.49037349,-144.56436,-200,45,-200,45,-200,45
190375000,-0.49059078,-144.60988,-200,45,-200,45,-200,45
190437500,-0.48967826,-144.65802,-200,45,-200,45,-200,45
190500000,-0.48975858,-144.6973,-200,45,-200,45,-200,45
190562500,-0.49040598,-144.74681,-200,45,-200,45,-200,45
190625000,-0.49072123,-144.77821,-200,45,-200,45,-200,45
190687500,-0.49086913,-144.82484,-200,45,-200,45,-200,45
190750000,-0.49131858,-144.86568,-200,45,-200,45,-200,45
190812500,-0.49157751,-144.91028,-200,45,-200,45,-200,45
190875000,-0.49224672,-144.95528,-200,45,-200,45,-200,45
190937500,-0.49160206,-144.9973,-200,45,-200,45,-200,45
191000000,-0.4919199,-145.03923,-200,45,-200,45,-200,45
191062500,-0.49258113,-145.08266,-200,45,-200,45,-200,45
191125000,-0.49102241,-145.12027,-200,45,-200,45,-200,45
191187500,-0.492964,-145.15778,-200,45,-200,45,-200,45
191250000,-0.49214521,-145.20258,-200,45,-200,45,-200,45
191312500,-0.49406889,-145.24146,-200,45,-200,45,-200,45
191375000,-0.49259704,-145.29666,-200,45,-200,45,-200,45
191437500,-0.49178272,-145.32675,-200,45,-200,45,-200,45
191500000,-0.49242193,-145.37126,-200,45,-200,45,-200,45
191562500,-0.49288937,-145.41029,-200,45,-200,45,-200,45
191625000,-0.49245554,-145.45465,-200,45,-200,45,-200,45
191687500,-0.49311718,-145.48915,-200,45,-200,45,-200,45
191750000,-0.49350664,-145.52832,-200,45,-200,45,-200,45
191812500,-0.49126458,-145.57048,-200,45,-200,45,-200,45
191875000,-0.49243739,-145.61111,-200,45,-200,45,-200,45
191937500,-0.49170342,-145.65851,-200,45,-200,45,-200,45
192000000,-0.4914175,-145.69878,-200,45,-200,45,-200,45
192062500,-0.49153081,-145.74442,-200,45,-200,45,-200,45
192125000,-0.49293229,-145.78961,-200,45,-200,45,-200,45
192187500,-0.49354026,-145.82516,-200,45,-200,45,-200,45
192250000,-0.49251044,-145.8721,-200,45,-200,45,-200,45
192312500,-0.49368528,-145.90698,-200,45,-200,45,-200,45
192375000,-0.49215919,-145.9463,-200,45,-200,45,-200,45
192437500,-0.49332562,-145.98805,-200,45,-200,45,-200,45
192500000,-0.49300918,-146.02779,-200,45,-200,45,-200,45
192562500,-0.4946793,-146.06868,-200,45,-200,45,-200,45
192625000,-0.49335793,-146.11725,-200,45,-200,45,-200,45
192687500,-0.49316198,-146.15514,-200,45,-200,45,-200,45
192750000,-0.49491113,-146.19783,-200,45,-200,45,-200,45
192812500,-0.49473625,-146.23741,-200,45,-200,45,-200,45
192875000,-0.49298522,-146.27675,-200,45,-200,45,-200,45
192937500,-0.49368808,-146.3205,-200,45,-200,45,-200,45
193000000,-0.49405566,-146.36502,-200,45,-200,45,-200,45
193062500,-0.49355745,-146.40054,-200,45,-200,45,-200,45
193125000,-0.49316949,-146.43945,-200,45,-200,45,-200,45
193187500,-0.49478456,-146.48044,-200,45,-200,45,-200,45
193250000,-0.49453926,-146.52266,-200,45,-200,45,-200,45
193312500,-0.49362227,-146.56514,-200,45,-200,45,-200,45
193375000,-0.49479049,-146.61386,-200,45,-200,45,-200,45
193437500,-0.49468693,-146.64523,-200,45,-200,45,-200,45
193500000,-0.49394414,-146.68558,-200,45,-200,45,-200,45
193562500,-0.49694502,-146.7247,-200,45,-200,45,-200,45
193625000,-0.49732366,-146.75951,-200,45,-200,45,-200,45
193687500,-0.49595273,-146.8029,-200,45,-200,45,-200,45
193750000,-0.49639228,-146.84651,-200,45,-200,45,-200,45
193812500,-0.49600911,-146.88249,-200,45,-200,45,-200,45
193875000,-0.49535084,-146.91869,-200,45,-200,45,-200,45
193937500,-0.495882,-146.95908,-200,45,-200,45,-200,45
194000000,-0.49539688,-147.00066,-200,45,-200,45,-200,45
194062500,-0.49501631,-147.05084,-200,45,-200,45,-200,45
194125000,-0.4945811,-147.07898,-200,45,-200,45,-200,45
194187500,-0.49484611,-147.12032,-200,45,-200,45,-200,45
194250000,-0.4948757,-147.16031,-200,45,-200,45,-200,45
194312500,-0.49691376,-147.19783,-200,45,-200,45,-200,45
194375000,-0.49528641,-147.23105,-200,45,-200,45,-200,45
194437500,-0.49630409,-147.28244,-200,45,-200,45,-200,45
194500000,-0.49446636,-147.31926,-200,45,-200,45,-200,45
194562500,-0.49390492,-147.35294,-200,45,-200,45,-200,45
194625000,-0.49467072,-147.39682,-200,45,-200,45,-200,45
194687500,-0.49602395,-147.43953,-200,45,-200,45,-200,45
194750000,-0.49555847,-147.47726,-200,45,-200,45,-200,45
194812500,-0.49516058,-147.51332,-200,45,-200,45,-200,45
194875000,-0.49362129,-147.55402,-200,45,-200,45,-200,45
194937500,-0.49548849,-147.59357,-200,45,-200,45,-200,45
195000000,-0.49444818,-147.63614,-200,45,-200,45,-200,45
195062500,-0.49419221,-147.67142,-200,45,-200,45,-200,45
195125000,-0.49529171,-147.7123,-200,45,-200,45,-200,45
195187500,-0.4946304,-147.75316,-200,45,-200,45,-200,45
195250000,-0.49476573,-147.78462,-200,45,-200,45,-200,45
195312500,-0.49632835,-147.83136,-200,45,-200,45,-200,45
195375000,-0.49471611,-147.87326,-200,45,-200,45,-200,45
195437500,-0.49629274,-147.89833,-200,45,-200,45,-200,45
195500000,-0.49484316,-147.94939,-200,45,-200,45,-200,45
195562500,-0.49322832,-147.98051,-200,45,-200,45,-200,45
195625000,-0.49648452,-148.01894,-200,45,-200,45,-200,45
195687500,-0.49616233,-148.06491,-200,45,-200,45,-200,45
195750000,-0.49656516,-148.097,-200,45,-200,45,-200,45
195812500,-0.49569973,-148.14218,-200,45,-200,45,-200,45
195875000,-0.49552751,-148.17264,-200,45,-200,45,-200,45
195937500,-0.49638009,-148.2182,-200,45,-200,45,-200,45
196000000,-0.49642891,-148.25159,-200,45,-200,45,-200,45
196062500,-0.4964219,-148.28717,-200,45,-200,45,-200,45
196125000,-0.49465552,-148.32603,-200,45,-200,45,-200,45
196187500,-0.49408844,-148.37135,-200,45,-200,45,-200,45
196250000,-0.49485448,-148.40659,-200,45,-200,45,-200,45
196312500,-0.4931604,-148.43863,-200,45,-200,45,-200,45
196375000,-0.49519596,-148.48135,-200,45,-200,45,-200,45
196437500,-0.49477595,-148.52533,-200,45,-200,45,-200,45
196500000,-0.49408928,-148.5591,-200,45,-200,45,-200,45
196562500,-0.49613971,-148.59503,-200,45,-200,45,-200,45
196625000,-0.49391001,-148.63959,-200,45,-200,45,-200,45
196687500,-0.49532691,-148.68175,-200,45,-200,45,-200,45
196750000,-0.49487004,-148.71831,-200,45,-200,45,-200,45
196812500,-0.49527061,-148.76083,-200,45,-200,45,-200,45
196875000,-0.49492916,-148.8053,-200,45,-200,45,-200,45
196937500,-0.49492985,-148.83942,-200,45,-200,45,-200,45
197000000,-0.49481231,-148.8788,-200,45,-200,45,-200,45
197062500,-0.493956,-148.91629,-200,45,-200,45,-200,45
197125000,-0.49430642,-148.96164,-200,45,-200,45,-200,45
197187500,-0.49483836,-148.99478,-200,45,-200,45,-200,45
197250000,-0.49440154,-149.03471,-200,45,-200,45,-200,45
197312500,-0.49499702,-149.07001,-200,45,-200,45,-200,45
197375000,-0.49538615,-149.1089,-200,45,-200,45,-200,45
197437500,-0.49504316,-149.15417,-200,45,-200,45,-200,45
197500000,-0.4939999,-149.19292,-200,45,-200,45,-200,45
197562500,-0.4936783,-149.22537,-200,45,-200,45,-200,45
197625000,-0.49534664,-149.26173,-200,45,-200,45,-200,45
197687500,-0.49452049,-149.30275,-200,45,-200,45,-200,45
197750000,-0.49377719,-149.33981,-200,45,-200,45,-200,45
197812500,-0.49584922,-149.37762,-200,45,-200,45,-200,45
197875000,-0.49520549,-149.41573,-200,45,-200,45,-200,45
197937500,-0.49613354,-149.44649,-200,45,-200,45,-200,45
198000000,-0.49481016,-149.48962,-200,45,-200,45,-200,45
198062500,-0.49732018,-149.54158,-200,45,-200,45,-200,45
198125000,-0.49602166,-149.56282,-200,45,-200,45,-200,45
198187500,-0.49567267,-149.61191,-200,45,-200,45,-200,45
198250000,-0.49472478,-149.64497,-200,45,-200,45,-200,45
198312500,-0.49671844,-149.68201,-200,45,-200,45,-200,45
198375000,-0.49599054,-149.71458,-200,45,-200,45,-200,45
198437500,-0.49488056,-149.75398,-200,45,-200,45,-200,45
198500000,-0.49571493,-149.78981,-200,45,-200,45,-200,45
198562500,-0.49600723,-149.82938,-200,45,-200,45,-200,45
198625000,-0.49586904,-149.87032,-200,45,-200,45,-200,45
198687500,-0.49512503,-149.90022,-200,45,-200,45,-200,45
198750000,-0.49640724,-149.93536,-200,45,-200,45,-200,45
198812500,-0.49762729,-149.97681,-200,45,-200,45,-200,45
198875000,-0.49599785,-150.01108,-200,45,-200,45,-200,45
198937500,-0.49699989,-150.05316,-200,45,-200,45,-200,45
199000000,-0.49611512,-150.08145,-200,45,-200,45,-200,45
199062500,-0.49585125,-150.12524,-200,45,-200,45,-200,45
199125000,-0.49411878,-150.16681,-200,45,-200,45,-200,45
199187500,-0.4970971,-150.19528,-200,45,-200,45,-200,45
199250000,-0.49653259,-150.23741,-200,45,-200,45,-200,45
199312500,-0.4961299,-150.26904,-200,45,-200,45,-200,45
199375000,-0.49599457,-150.31635,-200,45,-200,45,-200,45
199437500,-0.49857616,-150.3485,-200,45,-200,45,-200,45
199500000,-0.49639112,-150.38956,-200,45,-200,45,-200,45
199562500,-0.49506468,-150.4214,-200,45,-200,45,-200,45
199625000,-0.4936417,-150.4584,-200,45,-200,45,-200,45
199687500,-0.49375293,-150.49864,-200,45,-200,45,-200,45
199750000,-0.49387935,-150.53458,-200,45,-200,45,-200,45
199812500,-0.49273211,-150.57045,-200,45,-200,45,-200,45
199875000,-0.49196285,-150.61101,-200,45,-200,45,-200,45
199937500,-0.49356091,-150.64305,-200,45,-200,45,-200,45
200000000,-0.49313629,-150.68799,-200,45,-200,45,-200,45
